brand_origin,Company,model_name,model_year,price(RS),city,state,finance(YES/NO)
UK / India,Royal Enfield,Classic 500,2016,100000,Mumbai,Maharashtra,Yes
Japan,Honda,Activa 125,2022,72000,Bangalore,Karnataka,Yes
India,Bajaj,Pulsar 220F,2015,40000,Pune,Maharashtra,Yes
Hungary,Keeway,SR 125,2024,110000,Pune,Maharashtra,Yes
India,Bajaj,Pulsar NS 160,2022,122000,Bangalore,Karnataka,Yes
Japan,Honda,CB Hornet 160R ABS,2018,60000,Mumbai,Maharashtra,Yes
India,Hero,Splendor Plus IBS i3s,2021,65000,Mumbai,Maharashtra,Yes
Japan,Kawasaki,Versys 650 BS6,2020,630000,South Delhi,Delhi,Yes
UK / India,Royal Enfield,Interceptor 650,2023,380000,Bangalore,Karnataka,Yes
India,Bajaj,Pulsar 150 BS6,2020,50000,Visakhapatnam,Andhra Pradesh,Yes
India,TVS,Raider Split Seat,2023,71500,Saharanpur,Uttar Pradesh,Yes
UK / India,Royal Enfield,Thunderbird 350,2018,95000,Hyderabad,Telangana,Yes
UK / India,Royal Enfield,Thunderbird 350,2018,120000,Hyderabad,Telangana,Yes
Italy,Benelli,Imperiale 400,2022,125000,Chennai,Tamil Nadu,Yes
India,Hero,Destini 125 Xtec,2022,70000,Darjeeling,West Bengal,Yes
Japan,Honda,CB350RS,2021,160000,Ghaziabad,Uttar Pradesh,Yes
Japan,Honda,Activa,2024,75000,Pune,Maharashtra,Yes
Japan,Yamaha,FZ 25,2019,100000,Mumbai,Maharashtra,Yes
Czech Republic,Jawa,Jawa 42 Bobber Black Mirror,2025,245000,Navi Mumbai,Maharashtra,Yes
Japan,Yamaha,FZ-S,2018,80000,Jaipur,Rajasthan,Yes
UK / India,Royal Enfield,Thunderbird 350,2016,99000,Tumkur,Karnataka,Yes
Japan,Suzuki,Gixxer SF 250 BS6,2020,120000,Mumbai,Maharashtra,Yes
India,Bajaj,V15,2016,45000,Varanasi,Uttar Pradesh,Yes
UK / India,Royal Enfield,Classic Signals Stormrider Sand,2020,160000,Chennai,Tamil Nadu,Yes
India,TVS,Jupiter,2021,40000,Ahmedabad,Gujarat,Yes
Austria,KTM,Duke 125,2021,110000,Khammam,Telangana,Yes
Czech Republic,Jawa,Jawa 42 Bobber Black Mirror,2023,180000,Gurugram,Haryana,Yes
India,Bicycle,East coast 7speed oldskool,2025,7000,North West Delhi,Delhi,No
India,Oben,EV Rorr EZ Sigma,2025,125000,Gurdaspur,Punjab,Yes
United Kingdom,Triumph,Speed 400,2024,240000,Ghaziabad,Uttar Pradesh,Yes
UK / India,Royal Enfield,Continental GT 650,2025,400000,Pune,Maharashtra,Yes
UK / India,Royal Enfield,Hunter 350 Metro,2022,150000,Bangalore,Karnataka,Yes
UK / India,Royal Enfield,Hunter 350 Metro,2025,180000,Bapatla,Andhra Pradesh,Yes
India,Ultraviolette,F77 SuperStreet,2025,260000,Coimbatore,Tamil Nadu,Yes
India,AMO Electric,Jaunty Pro,2024,50000,Ballia,Uttar Pradesh,Yes
UK / India,Royal Enfield,Classic 350 Redditch Red,2018,150000,Hyderabad,Telangana,Yes
India,TVS,Wego,2018,42000,Bangalore,Karnataka,Yes
India,Bajaj,Pulsar 135LS,2014,20000,Vadodara,Gujarat,Yes
Japan,Yamaha,YZF R15 V2,2015,33000,Guwahati,Assam,Yes
China,Benling,Falcon,2022,35000,Bangalore,Karnataka,Yes
Japan,Honda,Dio Standard,2011,25000,Pimpri-Chinchwad,Maharashtra,Yes
India,Bajaj,Pulsar 135LS,2017,35000,Chennai,Tamil Nadu,Yes
Japan,Honda,Activa 3G,2015,20000,Bhubaneswar,Odisha,Yes
UK / India,Royal Enfield,Classic Signals Stormrider Sand,2021,151000,Jaipur,Rajasthan,Yes
India,Bajaj,Dominar 250,2020,120000,Vellore,Tamil Nadu,Yes
India,Bajaj,Avenger 220 DTS-i,2014,38000,Mandya,Karnataka,Yes
India,Hero,Hunk,2016,20000,Chennai,Tamil Nadu,Yes
Japan,Honda,Hornet 2.0,2024,140000,Hyderabad,Telangana,Yes
India,Hero,Splendor,2005,10000,Bangalore,Karnataka,Yes
India,Bajaj,Pulsar 180,2014,25000,Bangalore,Karnataka,Yes
India,Mahindra Electric,Centuro,2013,20000,Nagpur,Maharashtra,Yes
India,Bajaj,Pulsar AS 150,2016,50000,Hyderabad,Telangana,Yes
India,Bajaj,Pulsar 220 DTSi,2015,50000,Mumbai,Maharashtra,Yes
India,TVS,NTORQ 125,2020,65000,Dharwad,Karnataka,Yes
India,Okinawa,Praise Pro,2023,59000,Satara,Maharashtra,Yes
Japan,Honda,Activa 6G Dlx,2022,51500,Ajmer,Rajasthan,Yes
Japan,Yamaha,FZ-X,2023,105000,Medchal,Telangana,Yes
India,Bajaj,Pulsar 220F,2018,75000,Pune,Maharashtra,Yes
India,TVS,Apache RR 310 BTO,2023,300000,Bangalore,Karnataka,Yes
India,Bajaj,Pulsar 180 DTSi,2017,55000,Pune,Maharashtra,Yes
India,Bajaj,Avenger Street 160,2019,60000,Mumbai,Maharashtra,Yes
India,TVS,NTORQ 125 Race XP,2025,85000,Pune,Maharashtra,Yes
India,Hero,Glamour BS6,2018,35000,Kanpur,Uttar Pradesh,Yes
India,Bajaj,Pulsar 150 DTSi,2012,25000,Bangalore,Karnataka,Yes
UK / India,Royal Enfield,Meteor 350 Stellar,2023,210000,Hyderabad,Telangana,Yes
India,TVS,NTORQ 125,2018,40000,West Delhi,Delhi,Yes
Japan,Yamaha,FZ-S FI V2,2018,75000,Bangalore,Karnataka,Yes
India,Bajaj,Pulsar 150 DTSi,2018,50000,Bangalore,Karnataka,Yes
Japan,Honda,Activa 3G,2016,40000,Hyderabad,Telangana,Yes
India,Ola,S1X Plus,2024,70000,Kolkata,West Bengal,Yes
India,Hero,Passion Pro,2012,15000,Chennai,Tamil Nadu,Yes
Japan,Honda,CB Trigger,2014,25000,Mumbai,Maharashtra,Yes
India,Ather,450X Gen 3,2023,115000,Mumbai,Maharashtra,Yes
Japan,Yamaha,R15M,2025,180000,Faridabad,Haryana,Yes
Japan,Honda,CB Shine,2018,28000,New Delhi,Delhi,Yes
India,Hero,XPulse 200T 4V,2025,135000,Pune,Maharashtra,Yes
Austria,KTM,Duke 200,2024,170000,Hyderabad,Telangana,Yes
India,Ather,Rizta Z,2025,160000,Hyderabad,Telangana,Yes
Japan,Honda,CB Shine SP,2016,40000,Pune,Maharashtra,Yes
Japan,Honda,Activa 4G,2017,44000,Ahmedabad,Gujarat,Yes
India,Bajaj,Pulsar N250,2025,135000,Puri,Odisha,Yes
India,Bajaj,V15,2016,22500,Noida,Uttar Pradesh,Yes
Italy,Benelli,TRK 502 BS6,2021,460000,Thane,Maharashtra,Yes
UK / India,Royal Enfield,Classic Desert Storm,2016,100000,Ahmedabad,Gujarat,Yes
India,Bajaj,Pulsar NS125 BS6,2023,65000,Hyderabad,Telangana,Yes
India,Bajaj,Platina 100 ES,2016,25000,Sirsa,Haryana,Yes
India,TVS,Apache RTR 160 4V BS6,2021,80000,Hyderabad,Telangana,Yes
UK / India,Royal Enfield,Thunderbird 350,2018,100000,Satara,Maharashtra,Yes
Japan,Yamaha,FZ-S,2019,80000,Bhubaneswar,Odisha,Yes
Japan,Honda,SP 125 BSVI,2024,80000,New Delhi,Delhi,Yes
India,Bajaj,Avenger 220 DTS-i,2014,50000,Bangalore,Karnataka,Yes
India,Bajaj,Chetak Electric,2020,65000,Bangalore,Karnataka,Yes
Japan,Kawasaki,Z900,2022,952000,Mumbai,Maharashtra,Yes
India,TVS,Jupiter ZX,2022,80000,Raigad,Maharashtra,Yes
Japan,Yamaha,YZF R15 V2,2015,45000,Pune,Maharashtra,Yes
Japan,Suzuki,Access 125 Ride Connect Edition,2023,85000,Thane,Maharashtra,Yes
India,Bajaj,Pulsar N160,2023,120000,Medchal,Telangana,Yes
Japan,Suzuki,Intruder 150 FI,2022,79500,Bangalore,Karnataka,Yes
Japan,Suzuki,Intruder 150 FI,2018,50000,Hyderabad,Telangana,Yes
Japan,Honda,Activa,2018,42000,Thiruvananthapuram,Kerala,Yes
India,Kinetic Green,Green Zing Electric,2021,22000,Mumbai,Maharashtra,Yes
Japan,Yamaha,FZS 25 BS6,2023,120000,Cuttack,Odisha,Yes
Japan,Honda,Activa 125,2017,35000,Chengalpattu,Tamil Nadu,Yes
USA,UM Motorcycles,Renegade Commando Mojave,2018,75000,Hyderabad,Telangana,Yes
Japan,Yamaha,FZ-S,2013,35000,Coimbatore,Tamil Nadu,Yes
India,Bajaj,Pulsar AS 200,2016,40000,Bangalore,Karnataka,Yes
Germany,BMW,G 310 R,2018,195000,Thane,Maharashtra,Yes
Austria,KTM,Duke 200,2017,110000,Mumbai,Maharashtra,Yes
UK / India,Royal Enfield,Bullet Electra,2010,95000,Jodhpur,Rajasthan,Yes
Japan,Honda,Activa 4G,2017,30000,Bhopal,Madhya Pradesh,Yes
India,TVS,Jupiter Classic 110,2015,34000,Noida,Uttar Pradesh,Yes
UK / India,Royal Enfield,Thunderbird 350,2016,70000,North 24 Parganas,West Bengal,Yes
Japan,Honda,CB Unicorn 160,2017,37000,Noida,Uttar Pradesh,Yes
India,Bajaj,Pulsar 150 DTSi,2011,33000,Visakhapatnam,Andhra Pradesh,Yes
Japan,Yamaha,FZ-X,2023,125000,Bangalore,Karnataka,Yes
UK / India,Royal Enfield,Himalayan,2022,210000,Barpeta,Assam,Yes
India,Ola,S1 Pro,2022,90000,Sirsa,Haryana,Yes
India,Ola,S1 Pro,2024,80000,Bangalore,Karnataka,Yes
India,Bajaj,Pulsar 150 DTSi,2012,42000,Bhandara,Maharashtra,Yes
India,Hero,Xtreme 125R Dual Channel ABS,2024,110000,Chennai,Tamil Nadu,Yes
India,TVS,Radeon,2023,60000,Vijayanagara,Karnataka,Yes
India,Bajaj,Pulsar AS 150,2015,40000,Chennai,Tamil Nadu,Yes
India,Ather,450S,2024,80000,Gurugram,Haryana,Yes
Japan,Yamaha,R15M,2023,180000,Bangalore,Karnataka,Yes
India,Bajaj,Avenger Cruise 220,2018,50000,Pune,Maharashtra,Yes
India,Hero,Splendor Plus,2011,30000,Lakhisarai,Bihar,Yes
Austria,KTM,Duke 200 ABS,2022,150000,Mumbai,Maharashtra,Yes
UK / India,Royal Enfield,Thunderbird 350,2013,55000,Mumbai,Maharashtra,Yes
India,Bajaj,Pulsar N160 Dual Channel ABS,2023,100000,Lucknow,Uttar Pradesh,Yes
Japan,Yamaha,FZ-S FI Ver 4.0,2023,65000,Kolkata,West Bengal,Yes
Japan,Yamaha,FZ-S FI V2,2018,60000,Pune,Maharashtra,Yes
India,Hero,Passion Plus,2009,15000,Hyderabad,Telangana,Yes
Japan,Yamaha,R15 V4,2023,190000,Rangareddy,Telangana,Yes
Japan,Honda,Activa,2014,30000,Bangalore,Karnataka,Yes
Japan,Honda,CB Hornet 160R,2017,60000,Pune,Maharashtra,Yes
Japan,Yamaha,FZ-X,2021,72000,Chennai,Tamil Nadu,Yes
India,Hero,Passion X Pro,2013,30000,Bangalore,Karnataka,Yes
Japan,Honda,CB Unicorn,2017,75000,Pune,Maharashtra,Yes
UK / India,Royal Enfield,Thunderbird 500,2016,70000,Shahdara,Delhi,Yes
UK / India,Royal Enfield,Hunter 350 Metro,2023,140000,Thane,Maharashtra,Yes
Japan,Yamaha,FZ-S FI V3,2021,70000,Bangalore,Karnataka,Yes
UK / India,Royal Enfield,Classic 350,2015,100000,Thane,Maharashtra,Yes
India,Bajaj,Avenger Cruise 220,2014,25000,Vadodara,Gujarat,Yes
Japan,Honda,CB Shine SP,2019,45000,North Goa,Goa,Yes
Austria,KTM,Duke 250,2025,225000,East Delhi,Delhi,Yes
India,TVS,Apache RR 310,2021,165000,Guwahati,Assam,Yes
India,Ola,S1 Pro,2022,60000,Thane,Maharashtra,Yes
India,Ola,S1,2023,100000,Hyderabad,Telangana,Yes
Japan,Honda,Activa 6G,2020,40000,Gurugram,Haryana,Yes
Japan,Honda,Livo Disc,2016,32000,Kolkata,West Bengal,Yes
Japan,Honda,CB Hornet 160R ABS,2018,59000,Hyderabad,Telangana,Yes
Japan,Honda,Hornet 2.0 Repsol Edition,2023,95000,Bhubaneswar,Odisha,Yes
India,Ola,S1 Pro,2024,90000,New Delhi,Delhi,Yes
Japan,Yamaha,FZ-S FI V2,2018,65000,Pune,Maharashtra,Yes
India,TVS,Apache RTR 160 4V,2023,85000,Raigad,Maharashtra,Yes
Japan,Suzuki,Intruder 150,2017,50000,Thrissur,Kerala,Yes
Germany,BMW,G 310 GS,2021,250000,Mumbai,Maharashtra,Yes
Japan,Honda,Activa 125,2015,43000,Chennai,Tamil Nadu,Yes
India,Bajaj,Dominar 250,2022,145000,Bangalore,Karnataka,Yes
India,Bajaj,Chetak 3503,2025,115000,Ahmednagar,Maharashtra,Yes
India,Bajaj,Avenger Street 160,2019,48000,Chennai,Tamil Nadu,Yes
India,Ola,S1 Air 3kWh,2024,95000,Mumbai,Maharashtra,Yes
India,Hero,Passion Pro,2012,34000,Erode,Tamil Nadu,Yes
Japan,Yamaha,Fascino S,2023,72000,Chennai,Tamil Nadu,Yes
India,TVS,iQube ST,2024,125000,Indore,Madhya Pradesh,Yes
Austria,KTM,390 Adventure,2022,300000,Dehradun,Uttarakhand,Yes
India,Hero,Splendor Plus Xtec,2024,75000,Bangalore,Karnataka,Yes
India,Bajaj,Avenger Street 150,2016,45000,Pune,Maharashtra,Yes
Japan,Honda,Shine 125 Disc,2021,55000,Hyderabad,Telangana,Yes
India,River Electric,Indie,2025,150000,Tirupati,Andhra Pradesh,Yes
UK / India,Royal Enfield,Thunderbird X 350,2018,110000,Bangalore,Karnataka,Yes
Czech Republic,Jawa,Jawa 42,2019,70000,Visakhapatnam,Andhra Pradesh,Yes
India,Bajaj,Pulsar NS400Z,2025,210000,Bangalore,Karnataka,Yes
India,TVS,Jupiter 125,2014,48000,Coimbatore,Tamil Nadu,Yes
India,Ola,S1X 3 kWh,2024,74000,Bangalore,Karnataka,Yes
Japan,Honda,Activa 125,2018,60000,Hyderabad,Telangana,Yes
Japan,Yamaha,Aerox 155,2022,120000,Greater Noida,Uttar Pradesh,Yes
UK / India,Royal Enfield,Thunderbird 350,2015,86000,Kolkata,West Bengal,Yes
India,Bajaj,Pulsar 200 NS ABS,2019,80000,Bangalore,Karnataka,Yes
UK / India,Royal Enfield,Meteor 350,2020,150000,Visakhapatnam,Andhra Pradesh,Yes
Italy,Benelli,302R,2017,275000,Bangalore,Karnataka,Yes
India,Bajaj,Avenger Street 150,2017,45000,Chengalpattu,Tamil Nadu,Yes
Japan,Yamaha,R15 V4,2022,120000,Chennai,Tamil Nadu,Yes
Japan,Suzuki,Gixxer SF,2025,125000,Jogulamba Gadwal,Telangana,Yes
Japan,Suzuki,Access 125,2014,29000,Bangalore,Karnataka,Yes
Czech Republic,Jawa,Jawa 42 FJ,2024,200000,Rupnagar,Punjab,Yes
India,Bajaj,Dominar 400 ABS BS6,2023,220000,Nagaon,Assam,Yes
India,Oben,EV Rorr EZ,2025,110000,Pune,Maharashtra,Yes
Japan,Honda,SP 125 BSVI,2022,65000,Ernakulam,Kerala,Yes
India,Bajaj,Pulsar NS200,2019,110000,Bangalore,Karnataka,Yes
Japan,Yamaha,MT-15,2022,125000,Pune,Maharashtra,Yes
Japan,Yamaha,FZ 25,2018,100000,Bangalore,Karnataka,Yes
Japan,Honda,CB Unicorn 160,2015,40000,Bangalore,Karnataka,Yes
Germany,BMW,G 310 RR,2023,275000,Navi Mumbai,Maharashtra,Yes
Japan,Honda,CB Hornet 160R ABS,2019,78000,Patna,Bihar,Yes
India,Bajaj,Avenger Street 180,2018,68000,Ahmedabad,Gujarat,Yes
UK / India,Royal Enfield,Thunderbird X 350,2018,115000,Mumbai,Maharashtra,Yes
India,Bajaj,Dominar 400 ABS BS6,2021,180000,Tiruvannamalai,Tamil Nadu,Yes
UK / India,Royal Enfield,Bullet Standard 350,2015,150000,Chennai,Tamil Nadu,Yes
USA,Harley,X440 Denim,2024,265000,Hyderabad,Telangana,Yes
India,Bajaj,Pulsar 150 BS6,2020,65000,Hyderabad,Telangana,Yes
India,Ather,450S,2025,150000,Bangalore,Karnataka,Yes
India,Bajaj,Dominar 400 ABS BS6,2023,200000,Palghar,Maharashtra,Yes
India,Bajaj,Pulsar RS 200 BS6,2024,135000,Nagpur,Maharashtra,Yes
India,Vida (Hero Electric),V1 Plus,2025,95000,Ahmedabad,Gujarat,Yes
Japan,Yamaha,FZ 1,2016,25000,South West Delhi,Delhi,Yes
Japan,Yamaha,R15 V4,2022,150000,Mumbai,Maharashtra,Yes
Japan,Honda,Dream Yuga,2013,24000,Kolkata,West Bengal,Yes
India,Hero,Passion Pro BS6,2021,50000,Kottayam,Kerala,Yes
India,Hero,XPulse 200,2023,80000,Chennai,Tamil Nadu,Yes
India,TVS,Jupiter,2024,65000,Chennai,Tamil Nadu,Yes
India,TVS,Apache RTR 160 4V BS6,2022,80000,Ahmedabad,Gujarat,Yes
India,Bajaj,Avenger 200 DTS-i,2012,35000,Pune,Maharashtra,Yes
India,Bajaj,Pulsar RS 200 ABS,2015,52500,Surat,Gujarat,Yes
Japan,Honda,Activa 125,2010,20000,Bangalore,Karnataka,Yes
India,Ola,S1 3kWh,2024,98000,Thane,Maharashtra,Yes
Austria,KTM,RC 200 GP,2024,210000,Mumbai,Maharashtra,Yes
India,TVS,Raider Split Seat,2023,85000,Hyderabad,Telangana,Yes
UK / India,Royal Enfield,Himalayan,2021,155000,Mumbai,Maharashtra,Yes
Japan,Suzuki,GS 150R,2013,20000,Bangalore,Karnataka,Yes
India,Vida (Hero Electric),V1 Pro,2024,90000,Mumbai,Maharashtra,Yes
UK / India,Royal Enfield,Classic 350 BS VI,2021,190000,Dehradun,Uttarakhand,Yes
Japan,Honda,CB Unicorn 160,2017,38000,Ghaziabad,Uttar Pradesh,Yes
India,Hero,Achiever,2017,40000,Hyderabad,Telangana,Yes
India,Bajaj,Platina 100 ES,2017,420000,Hoshiarpur,Punjab,Yes
India,TVS,Radeon BS6,2022,55000,Ranipet,Tamil Nadu,Yes
Germany,BMW,G 310 RR,2023,265000,Mumbai,Maharashtra,Yes
Japan,Yamaha,Aerox 155,2024,115000,Chennai,Tamil Nadu,Yes
USA,Harley,X440 S,2024,250000,Lucknow,Uttar Pradesh,Yes
India,Revolt Motors,RV 400,2021,75000,Pune,Maharashtra,Yes
UK / India,Royal Enfield,Classic 350,2017,125000,Hyderabad,Telangana,Yes
UK / India,Royal Enfield,Meteor 350 Stellar,2022,200000,Bangalore,Karnataka,Yes
Japan,Yamaha,FZ16,2016,36000,Bangalore,Karnataka,Yes
India,Bajaj,Pulsar N250,2025,130000,Faridabad,Haryana,Yes
India,Bajaj,Pulsar RS 200 ABS,2016,60000,Mumbai,Maharashtra,Yes
UK / India,Royal Enfield,Hunter 350 Metro,2023,170000,Ludhiana,Punjab,Yes
Japan,Yamaha,R15 V4,2023,140000,Gurugram,Haryana,Yes
UK / India,Royal Enfield,Classic 350,2016,100000,Visakhapatnam,Andhra Pradesh,Yes
UK / India,Royal Enfield,Classic Stealth Black,2024,225000,Ahmedabad,Gujarat,Yes
UK / India,Royal Enfield,Meteor 350 Supernova,2022,230000,Bangalore,Karnataka,Yes
Japan,Suzuki,Gixxer SF,2016,70000,Hyderabad,Telangana,Yes
Japan,Honda,Shine 125,2022,81000,Thane,Maharashtra,Yes
UK / India,Royal Enfield,Hunter 350 Metro,2022,145000,Kolkata,West Bengal,Yes
UK / India,Royal Enfield,Classic 350,2018,120000,Gurugram,Haryana,Yes
India,TVS,Jupiter ZX BS6,2020,65000,Pune,Maharashtra,Yes
Austria,KTM,390 Adventure,2024,280000,Pune,Maharashtra,Yes
India,Hero,Glamour 125 Drum,2021,32000,Bharuch,Gujarat,Yes
India,Ola,S1 Pro,2022,75000,Bangalore,Karnataka,Yes
India,Bajaj,Pulsar RS 200,2018,110000,Bangalore,Karnataka,Yes
Japan,Yamaha,FZ-S FI V3,2021,65000,Faridabad,Haryana,Yes
UK / India,Royal Enfield,Interceptor 650,2023,340000,Jaipur,Rajasthan,Yes
India,TVS,NTORQ 125,2019,30000,Bulandshahr,Uttar Pradesh,Yes
Japan,Yamaha,YZF R15 V3,2019,125000,North East Delhi,Delhi,Yes
Japan,Honda,Livo Drum,2016,30000,Chhindwara,Madhya Pradesh,Yes
India,Hero,Electric Optima CX2.0,2021,38000,Chennai,Tamil Nadu,Yes
Italy,Aprilia,RS 457,2024,520000,Bangalore,Karnataka,Yes
Czech Republic,Jawa,Jawa 42,2022,140000,Paschim Bardhaman,West Bengal,Yes
India,Bajaj,Pulsar 150 DTSi,2012,37000,Kota,Rajasthan,Yes
India,Ola,S1 Pro,2023,90000,Bangalore,Karnataka,Yes
Japan,Honda,CB350C DLX Pro,2022,200000,Chennai,Tamil Nadu,Yes
India,Vida (Hero Electric),V1 Pro,2023,120000,Kolkata,West Bengal,Yes
UK / India,Royal Enfield,Himalayan BS VI,2022,230000,Mumbai,Maharashtra,Yes
India,Bajaj,Chetak Premium 2023 Edition,2023,130000,Hyderabad,Telangana,Yes
India,Ola,S1 Pro,2022,100000,Chennai,Tamil Nadu,Yes
Japan,Yamaha,MT-15 Ver 2.0,2023,130000,Noida,Uttar Pradesh,Yes
Japan,Suzuki,Access 125,2012,25000,Bangalore,Karnataka,Yes
India,TVS,Jupiter 125,2024,85000,Kolkata,West Bengal,Yes
UK / India,Royal Enfield,Thunderbird 500,2014,100000,Mumbai,Maharashtra,Yes
India,TVS,Apache RTR 160 4V,2024,115000,Bangalore,Karnataka,Yes
UK / India,Royal Enfield,Classic Desert Storm,2016,90000,North Delhi,Delhi,Yes
India,Bajaj,Pulsar 150 DTSi,2016,30000,Mumbai,Maharashtra,Yes
Japan,Yamaha,YZF R15 S V3.0,2022,100000,Chennai,Tamil Nadu,Yes
Czech Republic,Jawa,Jawa 350 Legacy Edition,2025,230000,Pune,Maharashtra,Yes
UK / India,Royal Enfield,Thunderbird 350,2017,60000,Mahabubnagar,Telangana,Yes
Austria,KTM,Duke 250,2021,160000,Pune,Maharashtra,Yes
Japan,Honda,CB350 DLX Pro,2025,220000,Beed,Maharashtra,Yes
Japan,Honda,CB Unicorn 160,2017,35000,Kolkata,West Bengal,Yes
UK / India,Royal Enfield,Hunter 350,2025,215000,Mumbai,Maharashtra,Yes
India,Bajaj,Pulsar NS 125,2021,75000,Amritsar,Punjab,Yes
India,Hero,HF Deluxe,2021,37000,Hanumangarh,Rajasthan,Yes
UK / India,Royal Enfield,Interceptor 650 Twin,2021,275000,Pimpri-Chinchwad,Maharashtra,Yes
India,Ola,S1 Pro,2024,100000,Hyderabad,Telangana,Yes
India,Vida (Hero Electric),V1 Pro,2024,95000,Valsad,Gujarat,Yes
UK / India,Royal Enfield,Classic 350 BS VI,2021,165000,Dibrugarh,Assam,Yes
Japan,Yamaha,R15 V4,2025,175000,Faridabad,Haryana,Yes
United Kingdom,Triumph,Speed 400,2025,270000,Sangli,Maharashtra,Yes
India,Ola,S1 Pro Gen 3,2025,130000,Pune,Maharashtra,Yes
Italy,Aprilia,SR 160,2021,60000,Bangalore,Karnataka,Yes
UK / India,Royal Enfield,Classic 350,2012,108000,Bilaspur,Chhattisgarh,Yes
Japan,Honda,Activa 3G,2016,50000,Navi Mumbai,Maharashtra,Yes
India,Bajaj,Pulsar RS 200 ABS,2021,155000,Cuttack,Odisha,Yes
India,Bajaj,Avenger Cruise 220,2022,125000,Kolhapur,Maharashtra,Yes
India,Bajaj,Avenger Cruise 220,2022,90000,Kolhapur,Maharashtra,Yes
Japan,Yamaha,R15 V4,2024,160000,Dharwad,Karnataka,Yes
India,Hero,Xtreme 125R,2024,89000,Gurugram,Haryana,Yes
India,TVS,Apache RTR 160 4V BS6,2020,70000,Kanpur Nagar,Uttar Pradesh,Yes
UK / India,Royal Enfield,Classic 350,2017,91000,Noida,Uttar Pradesh,Yes
India,TVS,Apache RTR 160,2012,20000,Bangalore,Karnataka,Yes
UK / India,Royal Enfield,Classic 350 Dual Channel BS6,2023,175000,Tiruchirappalli,Tamil Nadu,Yes
India,TVS,Jupiter ZX,2017,40000,Hyderabad,Telangana,Yes
Austria,KTM,RC 200 GP,2023,200000,Chennai,Tamil Nadu,Yes
Japan,Yamaha,FZ16,2013,25000,Bangalore,Karnataka,Yes
Japan,Honda,Hornet 2.0,2022,90000,Chennai,Tamil Nadu,Yes
UK / India,Royal Enfield,Scram 411,2022,160000,Pune,Maharashtra,Yes
Japan,Yamaha,SS125,2013,12000,Bangalore,Karnataka,Yes
UK / India,Royal Enfield,Thunderbird 350,2015,95000,Mysore,Karnataka,Yes
Japan,Yamaha,R15 V4,2023,140000,Noida,Uttar Pradesh,Yes
Japan,Honda,Activa 3G,2016,25000,Nagpur,Maharashtra,Yes
UK / India,Royal Enfield,Hunter 350 Retro,2025,175000,Bangalore,Karnataka,Yes
India,Hero,Hunk,2009,35000,Hyderabad,Telangana,Yes
UK / India,Royal Enfield,Meteor 350,2025,240000,Bulandshahr,Uttar Pradesh,Yes
India,Bajaj,Pulsar N250,2023,130000,Gurugram,Haryana,Yes
Japan,Yamaha,R15 V4,2025,170000,Bareilly,Uttar Pradesh,Yes
UK / India,Royal Enfield,Hunter 350 Retro,2024,180000,Burhanpur,Madhya Pradesh,Yes
Czech Republic,Yezdi,Roadster Red,2022,150000,Faridabad,Haryana,Yes
India,Bajaj,Pulsar N250 Dual Channel ABS,2024,115000,South West Delhi,Delhi,Yes
India,Hero,Achiever,2017,40000,Noida,Uttar Pradesh,Yes
India,Hero,Xtreme 125R Single Seat,2025,88000,Chennai,Tamil Nadu,Yes
Japan,Yamaha,YZF R15 V3,2021,140000,Vellore,Tamil Nadu,Yes
India,TVS,Apache RTR 160 4V BS6,2020,87000,Dehradun,Uttarakhand,Yes
Japan,Honda,Shine 125,2018,40000,Kolkata,West Bengal,Yes
Japan,Yamaha,FZ-X,2022,110000,Chengalpattu,Tamil Nadu,Yes
Japan,Honda,CB350 DLX Pro,2021,210000,Chitradurga,Karnataka,Yes
Germany,BMW,G 310 R,2021,210000,Ahmedabad,Gujarat,Yes
Japan,Yamaha,MT-15 Ver 2.0,2024,120000,Nalanda,Bihar,Yes
India,Bajaj,Dominar 250,2024,120000,Thane,Maharashtra,Yes
Japan,Suzuki,Gixxer SF BS6,2021,85000,Bangalore,Karnataka,Yes
India,Ola,S1 Pro Gen2,2022,70000,Hyderabad,Telangana,Yes
India,Bajaj,Dominar 400 ABS BS6,2021,120000,Chennai,Tamil Nadu,Yes
India,Bajaj,Pulsar 180 DTSi,2012,35000,Pune,Maharashtra,Yes
UK / India,Royal Enfield,Thunderbird TwinSpark 350,2012,60000,Vellore,Tamil Nadu,Yes
India,Hero,Glamour 125,2013,25000,Bangalore,Karnataka,Yes
India,Bajaj,Pulsar N160 Dual Channel ABS,2023,110000,Mumbai,Maharashtra,Yes
Czech Republic,Jawa,Jawa 42 BS6,2020,100000,South Delhi,Delhi,Yes
India,Ampere,Magnus,2025,65000,Hyderabad,Telangana,Yes
India,Revolt Motors,RV400 BRZ,2025,100000,Thane,Maharashtra,Yes
Japan,Honda,Activa 6G Std,2022,60000,New Delhi,Delhi,Yes
USA,UM Motorcycles,Renegade Commando,2018,69000,Alwar,Rajasthan,Yes
Japan,Yamaha,YZF R15 S V3.0,2019,145000,Bangalore,Karnataka,Yes
Japan,Honda,CB Unicorn,2012,45000,Navi Mumbai,Maharashtra,Yes
UK / India,Royal Enfield,Thunderbird X 350,2019,110000,Bangalore,Karnataka,Yes
India,Bajaj,Pulsar RS 200 BS6,2024,215000,Hyderabad,Telangana,Yes
India,Hero,Glamour Xtec,2022,56000,Gurugram,Haryana,Yes
UK / India,Royal Enfield,Bear 650,2025,470000,Hyderabad,Telangana,Yes
Italy,Vespa,ZX 125 BS6,2023,100000,Mysore,Karnataka,Yes
India,Hero,HF Deluxe,2017,28500,Lucknow,Uttar Pradesh,Yes
India,Bajaj,V15,2016,20000,Ahmedabad,Gujarat,Yes
Austria,KTM,Duke 250,2022,250000,Dharwad,Karnataka,Yes
UK / India,Royal Enfield,Classic 500,2018,130000,Cuddalore,Tamil Nadu,Yes
Japan,Honda,Activa 6G Dlx,2022,65000,Jabalpur,Madhya Pradesh,Yes
Japan,Honda,CB Shine,2022,60000,Ahmedabad,Gujarat,Yes
Japan,Honda,Activa 5G Limited Edition,2019,45000,Silvassa,Dadra and Nagar Haveli and Daman and Diu,Yes
Czech Republic,Yezdi,Roadster Dark,2022,160000,Mangalore,Karnataka,Yes
Japan,Yamaha,RX 135,1999,175000,Bangalore,Karnataka,Yes
India,Hero,Xtreme 160R 4V Standard,2022,89000,Hyderabad,Telangana,Yes
Japan,Honda,CB Hornet 160R,2017,50000,Ahmedabad,Gujarat,Yes
India,TVS,Jupiter,2015,30000,Dhule,Maharashtra,Yes
Japan,Honda,Activa 125 BS6,2024,95000,Jalgaon,Maharashtra,Yes
Japan,Honda,Unicorn Dazzler,2010,25000,Bhubaneswar,Odisha,Yes
India,Ola,S1 Air,2023,66900,North West Delhi,Delhi,Yes
Japan,Honda,Activa,2009,30000,Hyderabad,Telangana,Yes
Japan,Yamaha,FZ 25,2019,70000,Pune,Maharashtra,Yes
India,Bajaj,V15,2018,60000,Kolkata,West Bengal,Yes
Czech Republic,Jawa,Jawa 42 BS6,2020,100000,Chennai,Tamil Nadu,Yes
India,TVS,Apache RTR 200 4V ABS Race Edition 2.0,2018,60000,Thane,Maharashtra,Yes
Japan,Yamaha,R15 V4,2023,162000,Thane,Maharashtra,Yes
Italy,Benelli,TNT 600 i,2016,425000,Mumbai,Maharashtra,Yes
India,Bicycle,Urban Terrain Blitz 16T,2025,2999,Pimpri-Chinchwad,Maharashtra,No
India,Ather,450X Gen 3,2020,95000,Bangalore,Karnataka,Yes
India,Hero,Pleasure Plus XTec,2022,50000,Mumbai,Maharashtra,Yes
UK / India,Royal Enfield,Thunderbird 350,2017,95000,Pune,Maharashtra,Yes
Czech Republic,Yezdi,Adventure Matte,2022,180000,Jodhpur,Rajasthan,Yes
UK / India,Royal Enfield,Classic 350,2023,190000,Jhunjhunu,Rajasthan,Yes
India,TVS,NTORQ 125 Race Edition,2021,52500,Medchal,Telangana,Yes
United Kingdom,Triumph,Tiger 900 Rally,2022,1450000,Bangalore,Karnataka,Yes
India,TVS,Scooty Pep Plus BS6,2020,40000,Kannur,Kerala,Yes
Austria,KTM,Duke 250,2017,115000,Bangalore,Karnataka,Yes
India,TVS,Apache RTR 160 4V Special Edition,2023,135000,Indore,Madhya Pradesh,Yes
India,TVS,Raider Split Seat,2023,80000,Mumbai,Maharashtra,Yes
India,TVS,Apache RR 310,2025,250000,Jaipur,Rajasthan,Yes
India,Bajaj,Avenger Street 150,2017,60000,Bangalore,Karnataka,Yes
UK / India,Royal Enfield,Hunter 350,2025,210000,Belagavi,Karnataka,Yes
UK / India,Royal Enfield,Classic Desert Storm,2019,175000,Bangalore,Karnataka,Yes
Austria,KTM,250 Adventure,2022,200000,Thiruvananthapuram,Kerala,Yes
India,Revolt Motors,RV400 Stealth Black Limited Edition,2021,75000,Bangalore,Karnataka,Yes
India,Hero,Destini Prime,2024,50000,North East Delhi,Delhi,Yes
India,TVS,Jupiter 125,2023,50000,Chennai,Tamil Nadu,Yes
Japan,Yamaha,FZ-S FI V2,2018,60000,Thane,Maharashtra,Yes
Japan,Honda,Shine BS6,2022,50000,Mumbai,Maharashtra,Yes
UK / India,Royal Enfield,Meteor 350,2022,200000,Bangalore,Karnataka,Yes
Japan,Yamaha,Saluto 125,2015,40000,Kolkata,West Bengal,Yes
India,TVS,iQube,2022,80000,Bangalore,Karnataka,Yes
Japan,Suzuki,Gixxer SF 150,2019,50000,New Delhi,Delhi,Yes
Japan,Yamaha,R15 V4,2022,140000,Chennai,Tamil Nadu,Yes
India,TVS,Apache RTR 310,2024,250000,Nanded,Maharashtra,Yes
Japan,Yamaha,Aerox 155,2022,90000,Lucknow,Uttar Pradesh,Yes
India,Ola,S1 Pro,2021,90000,Bangalore,Karnataka,Yes
India,Bajaj,Pulsar N160 Dual Channel ABS,2024,120000,Mandla,Madhya Pradesh,Yes
India,Bajaj,Discover 100 DTS-Si,2013,20000,Bangalore,Karnataka,Yes
India,Hero,HF Deluxe,2024,58000,Gurugram,Haryana,Yes
India,Bajaj,Discover 100,2013,17000,Chennai,Tamil Nadu,Yes
India,Bajaj,Avenger 220 DTS-i,2015,85000,Pune,Maharashtra,Yes
India,TVS,Raider SX,2024,110000,Bathinda,Punjab,Yes
UK / India,Royal Enfield,Bullet 350,2023,195000,Jalna,Maharashtra,Yes
United Kingdom,Triumph,Speed 400,2024,260000,Mumbai,Maharashtra,Yes
India,Bajaj,Platina 100,2014,20000,Thane,Maharashtra,Yes
India,Bajaj,Chetak 3501 Standard,2024,120000,Pune,Maharashtra,Yes
India,Bajaj,Pulsar N160 Dual Channel ABS,2024,110000,Bharuch,Gujarat,Yes
UK / India,Royal Enfield,Classic 350,2016,90000,North West Delhi,Delhi,Yes
UK / India,Royal Enfield,Himalayan BS VI,2021,185000,Bangalore,Karnataka,Yes
Czech Republic,Yezdi,Scrambler Single Tone,2022,120000,Kanchipuram,Tamil Nadu,Yes
Japan,Kawasaki,Z650,2018,350000,Ernakulam,Kerala,Yes
India,Bicycle,Trek,2022,30000,New Delhi,Delhi,No
India,TVS,NTORQ 125,2018,35000,Palghar,Maharashtra,Yes
Italy,Benelli,Imperiale 400,2021,150000,Hyderabad,Telangana,Yes
UK / India,Royal Enfield,Thunderbird 350,2017,90000,Tiruvallur,Tamil Nadu,Yes
Japan,Honda,XBlade,2019,50000,Hooghly,West Bengal,Yes
India,Ola,S1 Pro Gen2,2022,90000,Mumbai,Maharashtra,Yes
Japan,Honda,Activa 6G,2022,66000,Ahmedabad,Gujarat,Yes
India,Bajaj,Pulsar 150 Twin Disc,2019,55000,Navi Mumbai,Maharashtra,Yes
India,Hero,Xtreme 160R 4V Standard,2023,140000,Tumkur,Karnataka,Yes
UK / India,Royal Enfield,Thunderbird 350,2015,50000,Tiruvallur,Tamil Nadu,Yes
India,Hero,Glamour 125 Disc,2022,52000,Lucknow,Uttar Pradesh,Yes
India,Bajaj,Chetak Urbane,2024,89000,Pune,Maharashtra,Yes
UK / India,Royal Enfield,Meteor 350 Stellar,2023,195000,Ghaziabad,Uttar Pradesh,Yes
UK / India,Royal Enfield,Bullet 350 ES BS6,2022,180000,Ratnagiri,Maharashtra,Yes
India,Bajaj,Discover 125,2006,7000,Prayagraj,Uttar Pradesh,Yes
Japan,Suzuki,Gixxer SF 250,2020,140000,Pimpri-Chinchwad,Maharashtra,Yes
Germany,BMW,G 310 RR,2025,290000,Sabarkantha,Gujarat,Yes
India,Bajaj,Pulsar AS 150,2015,30000,Greater Noida,Uttar Pradesh,Yes
Italy,Aprilia,SXR 160,2020,90000,Chennai,Tamil Nadu,Yes
India,Hero,Passion X Pro,2019,35000,Viluppuram,Tamil Nadu,Yes
India,Bajaj,Pulsar 150 DTSi,2016,35000,Mathura,Uttar Pradesh,Yes
UK / India,Royal Enfield,Hunter 350 Metro,2024,185000,Gurugram,Haryana,Yes
India,Hero,CD 100SS,1993,40000,Hooghly,West Bengal,Yes
India,Ola,S1 Pro Gen2,2024,115000,Lucknow,Uttar Pradesh,Yes
Japan,Yamaha,FZ-S,2013,30000,North West Delhi,Delhi,Yes
Czech Republic,Jawa,Jawa,2019,95000,Hoshiarpur,Punjab,Yes
India,TVS,Apache RTR 200 4V,2024,115000,Thane,Maharashtra,Yes
India,TVS,Apache RR 310,2025,245000,Hyderabad,Telangana,Yes
UK / India,Royal Enfield,Himalayan 450,2025,300000,Gurugram,Haryana,Yes
India,Bajaj,Pulsar 150,2018,60000,Bangalore,Karnataka,Yes
Japan,Yamaha,SS125,2013,20000,Jabalpur,Madhya Pradesh,Yes
India,Ola,S1 Pro,2022,85000,Bangalore,Karnataka,Yes
India,Hero,Pleasure Plus BS6,2021,52000,Darjeeling,West Bengal,Yes
China,Rilox,Nova,2025,65000,Mumbai,Maharashtra,Yes
Japan,Honda,CB125 Hornet,2025,80000,Suryapet,Telangana,Yes
India,Hero,CBZ Xtreme,2011,25000,Lucknow,Uttar Pradesh,Yes
Japan,Honda,CB300R,2022,200000,Mumbai,Maharashtra,Yes
Japan,Honda,Hness Anniversary Edition,2022,180000,Mohali,Punjab,Yes
UK / India,Royal Enfield,Hunter 350 Metro,2023,142000,North 24 Parganas,West Bengal,Yes
Japan,Honda,Livo 110,2016,33000,Thane,Maharashtra,Yes
Japan,Yamaha,R15 V4,2024,170000,Coimbatore,Tamil Nadu,Yes
Japan,Honda,Livo 110,2017,35000,Chennai,Tamil Nadu,Yes
Japan,Honda,Aviator,2016,45000,Pune,Maharashtra,Yes
India,TVS,iQube S,2023,100000,Chennai,Tamil Nadu,Yes
India,TVS,Apache RTR 200 4V,2023,120000,Bangalore,Karnataka,Yes
India,Bicycle,Avon Charge,2022,1500,Noida,Uttar Pradesh,No
Japan,Honda,Activa 3G,2012,20000,Kozhikode,Kerala,Yes
India,Hero,Xtreme 125R,2024,90000,Kolkata,West Bengal,Yes
Japan,Honda,Activa 4G,2017,47000,Bangalore,Karnataka,Yes
India,Bajaj,V12,2017,45000,Bhubaneswar,Odisha,Yes
Italy,Vespa,VXL 125,2022,60000,Pune,Maharashtra,Yes
India,Hero,Splendor Plus i3s Black and Accent,2023,65000,Prayagraj,Uttar Pradesh,Yes
UK / India,Royal Enfield,Classic 350 Dual Channel BS6,2023,178000,Agra,Uttar Pradesh,Yes
India,Hero,HF Deluxe BS6,2022,45000,Sri Ganganagar,Rajasthan,Yes
India,Hero,Xpulse 200 4V,2024,128000,Chennai,Tamil Nadu,Yes
Japan,Honda,CB200X,2025,160000,Namakkal,Tamil Nadu,Yes
Czech Republic,Yezdi,Roadster Dark,2023,150000,Visakhapatnam,Andhra Pradesh,Yes
India,TVS,NTORQ 125 Race Edition,2020,85000,Idukki,Kerala,Yes
Japan,Honda,Activa 6G,2022,60000,Bangalore,Karnataka,Yes
Japan,Yamaha,R15 V4,2024,170000,Cuttack,Odisha,Yes
Italy,Vespa,ZX 125 BS6,2023,100000,Gadchiroli,Maharashtra,Yes
UK / India,Royal Enfield,Bullet Electra,2003,120000,Vijayanagara,Karnataka,Yes
UK / India,Royal Enfield,Thunderbird 500,2014,84999,Nagpur,Maharashtra,Yes
India,Bajaj,Avenger Cruise 220 BS6,2022,110000,Thiruvananthapuram,Kerala,Yes
Japan,Honda,Activa 5G,2019,55000,Greater Noida,Uttar Pradesh,Yes
Japan,Honda,CBR 150R,2016,55000,Chennai,Tamil Nadu,Yes
India,Hero,Pleasure,2010,25000,Palakkad,Kerala,Yes
Czech Republic,Jawa,Jawa 42,2020,110000,Hyderabad,Telangana,Yes
Japan,Suzuki,Intruder 150,2018,60000,Chennai,Tamil Nadu,Yes
India,Bajaj,Discover 100,2012,20000,Kanpur Dehat,Uttar Pradesh,Yes
India,Tork,Kratos R,2022,70000,Hyderabad,Telangana,Yes
Czech Republic,Yezdi,Roadster Dark,2024,160000,New Delhi,Delhi,Yes
Japan,Honda,Activa 125,2014,20000,North West Delhi,Delhi,Yes
Japan,Honda,Dio,2015,30000,Thane,Maharashtra,Yes
India,Ola,S1 Pro,2022,62000,Pune,Maharashtra,Yes
UK / India,Royal Enfield,Scram 411,2023,240000,Hyderabad,Telangana,Yes
UK / India,Royal Enfield,Meteor 350 Supernova,2024,225000,Chennai,Tamil Nadu,Yes
India,Bajaj,Pulsar 150,2014,50000,Bangalore,Karnataka,Yes
UK / India,Royal Enfield,Classic Gunmetal Grey,2019,165000,Mumbai,Maharashtra,Yes
Japan,Honda,CBF Stunner,2012,30000,Ahmedabad,Gujarat,Yes
Japan,Yamaha,R15M,2022,150000,Kanchipuram,Tamil Nadu,Yes
India,Hero,Karizma XMR,2023,180000,Hyderabad,Telangana,Yes
India,Bajaj,Pulsar NS200,2023,110000,Pune,Maharashtra,Yes
India,TVS,Apache RTR 160 4V Special Edition,2021,122000,Lucknow,Uttar Pradesh,Yes
Austria,Brixton,Crossfire 500 X,2025,480000,Chennai,Tamil Nadu,Yes
Italy,Aprilia,SR 125,2022,80000,Bangalore,Karnataka,Yes
Czech Republic,Yezdi,Adventure Matte 2024,2024,250000,Chennai,Tamil Nadu,Yes
India,Ola,S1 X Gen 3 4kWh,2025,85000,Kushinagar,Uttar Pradesh,Yes
Japan,Honda,CBR 150R,2013,45000,Hyderabad,Telangana,Yes
India,Bajaj,Dominar 400 ABS BS6,2020,185000,Kozhikode,Kerala,Yes
UK / India,Royal Enfield,Classic 350,2012,89000,Chennai,Tamil Nadu,Yes
India,Bajaj,Pulsar 125 Split Seat,2022,52000,Hapur,Uttar Pradesh,Yes
Czech Republic,Jawa,Jawa 42,2021,115000,Kolkata,West Bengal,Yes
Czech Republic,Jawa,Jawa 42 Dual Channel ABS AllStar Black,2021,100000,Kolkata,West Bengal,Yes
UK / India,Royal Enfield,Classic 350 Redditch Green,2018,110000,Thiruvananthapuram,Kerala,Yes
India,Hero,Passion Pro i3s,2021,55000,Gurugram,Haryana,Yes
Japan,Yamaha,FZ,2013,25000,Mumbai,Maharashtra,Yes
Italy,Vespa,SXL 125,2016,40000,Pimpri-Chinchwad,Maharashtra,Yes
India,Ola,S1X,2024,78000,Bangalore,Karnataka,Yes
UK / India,Royal Enfield,Scram 411,2023,200000,Tiruchirappalli,Tamil Nadu,Yes
Japan,Yamaha,FZ-S FI V2,2018,65000,Sangareddy,Telangana,Yes
Japan,Honda,CB300R,2024,235000,Mumbai,Maharashtra,Yes
UK / India,Royal Enfield,Interceptor 650 Twin,2022,285000,Chennai,Tamil Nadu,Yes
Japan,Honda,Dream Neo,2014,47000,Erode,Tamil Nadu,Yes
Japan,Yamaha,FZ FI V2,2017,68000,Bangalore,Karnataka,Yes
USA,UM Motorcycles,Renegade Commando,2018,80000,Jodhpur,Rajasthan,Yes
India,Hero,Splendor Plus IBS i3s,2020,45000,Palwal,Haryana,Yes
UK / India,Royal Enfield,Classic 350,2012,110000,Hyderabad,Telangana,Yes
India,Bajaj,Avenger Cruise 220,2024,145000,Firozabad,Uttar Pradesh,Yes
UK / India,Royal Enfield,Hunter 350 Metro,2022,178000,East Godavari,Andhra Pradesh,Yes
USA,Harley,Street 750,2019,400000,Noida,Uttar Pradesh,Yes
Japan,Yamaha,Fascino,2019,45000,Chennai,Tamil Nadu,Yes
Japan,Honda,Hornet 2.0,2020,65000,Kolkata,West Bengal,Yes
UK / India,Royal Enfield,Thunderbird TwinSpark 350,2009,79000,Chennai,Tamil Nadu,Yes
India,Bajaj,Avenger Street 220,2017,39990,Chennai,Tamil Nadu,Yes
Czech Republic,Yezdi,Roadster Dark,2022,180000,Pune,Maharashtra,Yes
Japan,Yamaha,R15 V4,2024,170000,Medchal,Telangana,Yes
UK / India,Royal Enfield,Interceptor 650 Twin,2022,275000,Bangalore,Karnataka,Yes
UK / India,Royal Enfield,Classic Chrome,2015,120000,Ranipet,Tamil Nadu,Yes
Japan,Yamaha,Cygnus Ray ZR,2018,49000,Chengalpattu,Tamil Nadu,Yes
UK / India,Royal Enfield,Classic 350 Dual Channel BS6,2023,185000,Patiala,Punjab,Yes
USA,Harley,Street Rod,2019,342000,Madurai,Tamil Nadu,Yes
Japan,Yamaha,YZF R15 V2,2014,55000,Gurugram,Haryana,Yes
Japan,Honda,Shine 125,2014,40000,Nandyal,Andhra Pradesh,Yes
Japan,Yamaha,MT-15 BS6,2021,100000,Mumbai,Maharashtra,Yes
Japan,Yamaha,FZ FI V2,2015,45000,Navi Mumbai,Maharashtra,Yes
Austria,KTM,390 Adventure X,2025,355000,Coimbatore,Tamil Nadu,Yes
Japan,Yamaha,SZ-RR,2018,47000,Mumbai,Maharashtra,Yes
UK / India,Royal Enfield,Meteor 350 Stellar,2023,195000,Bangalore,Karnataka,Yes
India,Ola,S1 Pro Gen2,2024,110000,Hyderabad,Telangana,Yes
India,TVS,Raider Black Panther Edition,2023,75000,Bhandara,Maharashtra,Yes
India,TVS,iQube,2021,70000,East Delhi,Delhi,Yes
India,Hero,HF Deluxe BS6,2024,60000,Ahmedabad,Gujarat,Yes
UK / India,Royal Enfield,Bullet Standard 350,2022,175000,Thane,Maharashtra,Yes
Japan,Yamaha,FZ 25,2018,75000,Chennai,Tamil Nadu,Yes
UK / India,Royal Enfield,Classic 350,2016,120000,Surat,Gujarat,Yes
India,Bajaj,Avenger Street 160,2022,80000,Gandhinagar,Gujarat,Yes
UK / India,Royal Enfield,Thunderbird X 350,2020,121000,Palghar,Maharashtra,Yes
Japan,Honda,Unicorn,2013,35000,Hyderabad,Telangana,Yes
India,TVS,Wego,2013,15000,Badaun,Uttar Pradesh,Yes
India,Hero,XPulse 200T BS6,2021,75000,Pune,Maharashtra,Yes
Japan,Honda,CB Hornet 160R,2017,45000,Sehore,Madhya Pradesh,Yes
Japan,Yamaha,FZ-S FI V2,2018,50000,Pune,Maharashtra,Yes
Japan,Honda,Activa,2024,78000,Bangalore,Karnataka,Yes
UK / India,Royal Enfield,Classic 350,2017,160000,Bangalore,Karnataka,Yes
Japan,Honda,Grazia 125 BS6,2020,55000,Hyderabad,Telangana,Yes
India,TVS,iQube S,2022,90000,Kolhapur,Maharashtra,Yes
India,Hero,Electric Photon LP,2023,60000,Pune,Maharashtra,Yes
UK / India,Royal Enfield,Bullet 500,2016,130000,Bangalore,Karnataka,Yes
Japan,Yamaha,FZ 25,2018,100000,Bangalore,Karnataka,Yes
India,Mahindra Electric,Centuro O1,2014,35000,Pune,Maharashtra,Yes
India,Hero,Xpulse 200 4V,2023,130000,Mumbai,Maharashtra,Yes
Czech Republic,Jawa,Jawa 42 Dual Tone,2020,125000,Bilaspur,Himachal Pradesh,Yes
Japan,Honda,CB Unicorn 160,2018,50000,Lucknow,Uttar Pradesh,Yes
India,Hero,Glamour 125 Drum,2018,55000,Guntur,Andhra Pradesh,Yes
Japan,Yamaha,Ray Z,2016,40000,Kanyakumari,Tamil Nadu,Yes
UK / India,Royal Enfield,Thunderbird TwinSpark 350,2010,49000,Mohali,Punjab,Yes
India,Bajaj,Discover 100,2012,27000,Navi Mumbai,Maharashtra,Yes
India,Bajaj,Pulsar N160 Dual Channel ABS,2022,105000,Hyderabad,Telangana,Yes
UK / India,Royal Enfield,Interceptor 650 Twin,2022,250000,Pune,Maharashtra,Yes
Austria,KTM,Duke 390,2014,80000,Navi Mumbai,Maharashtra,Yes
Italy,Benelli,TRK 502 BS6,2024,650000,Bangalore,Karnataka,Yes
India,TVS,Jupiter BS6,2024,80000,Chennai,Tamil Nadu,Yes
UK / India,Royal Enfield,Hunter 350 Metro,2024,140000,Agra,Uttar Pradesh,Yes
Japan,Honda,SP125,2022,51500,Gurugram,Haryana,Yes
UK / India,Royal Enfield,Hunter 350 Metro,2022,160000,Bangalore,Karnataka,Yes
Japan,Suzuki,Gixxer SF 250 BS6,2021,130000,Hyderabad,Telangana,Yes
India,Bajaj,Pulsar 180,2013,32000,Pune,Maharashtra,Yes
India,Bajaj,V15,2017,35000,Gandhinagar,Gujarat,Yes
India,Ola,S1 Pro,2022,50000,Bangalore,Karnataka,Yes
UK / India,Royal Enfield,Classic 350,2014,120000,Hathras,Uttar Pradesh,Yes
India,Hero,Glamour 125 Disc,2013,40000,Bangalore,Karnataka,Yes
UK / India,Royal Enfield,Himalayan,2021,169000,Mumbai,Maharashtra,Yes
UK / India,Royal Enfield,Classic 500,2018,135000,Hooghly,West Bengal,Yes
Japan,Honda,Shine 125 Drum,2011,20000,Karur,Tamil Nadu,Yes
India,Bajaj,Pulsar NS200,2018,73000,Bareilly,Uttar Pradesh,Yes
India,TVS,Jupiter ZX,2023,70000,Navi Mumbai,Maharashtra,Yes
India,Hero,CD 100,1998,15000,Rajkot,Gujarat,Yes
Japan,Yamaha,FZ 25,2022,130000,South Delhi,Delhi,Yes
India,TVS,NTORQ 125 Super Soldier Edition,2022,65000,Ernakulam,Kerala,Yes
UK / India,Royal Enfield,Himalayan 450,2018,145000,Bangalore,Karnataka,Yes
India,Bajaj,Pulsar RS 200,2022,150000,Pune,Maharashtra,Yes
Japan,Honda,Activa 5G,2018,45000,Bangalore,Karnataka,Yes
Japan,Honda,Activa 6G,2020,65000,Navi Mumbai,Maharashtra,Yes
India,BGAUSS,B8 Lithium Ion,2022,57000,Bangalore,Karnataka,Yes
UK / India,Royal Enfield,Classic Desert Storm,2014,105000,East Delhi,Delhi,Yes
Japan,Yamaha,Saluto 125,2017,30000,Faridabad,Haryana,Yes
Japan,Yamaha,FZ16,2014,30000,Kolkata,West Bengal,Yes
Japan,Yamaha,FZ-S,2011,25000,Raigad,Maharashtra,Yes
Japan,Honda,Shine 125,2008,30000,Prayagraj,Uttar Pradesh,Yes
Japan,Honda,Activa 5G,2019,50000,Lucknow,Uttar Pradesh,Yes
Japan,Honda,Shine 100,2024,72000,Hyderabad,Telangana,Yes
Japan,Yamaha,YZF R15 V3,2018,100000,Chikballapur,Karnataka,Yes
UK / India,Royal Enfield,Himalayan BS VI,2021,190000,Yavatmal,Maharashtra,Yes
UK / India,Royal Enfield,Thunderbird TwinSpark 350,2012,100000,Pune,Maharashtra,Yes
Japan,Yamaha,FZ-S FI V2,2016,30000,Chengalpattu,Tamil Nadu,Yes
UK / India,Royal Enfield,Bullet Standard 350,2024,240000,Prayagraj,Uttar Pradesh,Yes
India,Hero,Glamour PGM Fi,2015,50000,Nagpur,Maharashtra,Yes
India,Bajaj,Avenger 220 DTS-i,2013,55500,Hyderabad,Telangana,Yes
India,Ola,S1 Pro,2022,90000,Bangalore,Karnataka,Yes
Japan,Yamaha,YZF R15 V3,2021,140000,Chennai,Tamil Nadu,Yes
Czech Republic,Jawa,Jawa 42 Dual Channel ABS Orion Red,2021,120000,Hyderabad,Telangana,Yes
India,Ola,S1 Pro Gen2,2024,120000,Valsad,Gujarat,Yes
Japan,Honda,CB Hornet 160R,2016,20000,Chennai,Tamil Nadu,Yes
India,Kinetic Green,Luna Super,1997,6000,Dewas,Madhya Pradesh,Yes
Japan,Suzuki,Access 125,2010,14000,Gandhinagar,Gujarat,Yes
India,Bajaj,Pulsar NS 160,2018,48000,Ahmedabad,Gujarat,Yes
Japan,Honda,Dio,2015,33000,Pune,Maharashtra,Yes
India,TVS,Jupiter ZX Disc BS6,2020,60000,Mumbai,Maharashtra,Yes
India,TVS,Apache RTR 200 4V,2019,60000,Raigad,Maharashtra,Yes
Czech Republic,Jawa,Jawa 42,2020,100000,Varanasi,Uttar Pradesh,Yes
Japan,Honda,Shine Celebration Edition,2022,75000,Mumbai,Maharashtra,Yes
India,Hero,Passion Pro i3s,2022,49000,Vadodara,Gujarat,Yes
India,Ather,450X Gen 3,2022,105000,Ahmedabad,Gujarat,Yes
Czech Republic,Yezdi,Roadster Dark,2022,165000,Jaipur,Rajasthan,Yes
India,Bajaj,Pulsar 135LS,2016,30000,Gurugram,Haryana,Yes
Czech Republic,Yezdi,Roadster Dark,2022,150000,Puri,Odisha,Yes
Japan,Honda,Activa,2012,30000,Gurugram,Haryana,Yes
UK / India,Royal Enfield,Classic Gunmetal Grey,2018,150000,Chengalpattu,Tamil Nadu,Yes
Czech Republic,Yezdi,Scrambler Dual Tone,2022,100000,Puducherry,Puducherry,Yes
India,TVS,Raider Split Seat,2023,79999,Mohali,Punjab,Yes
Japan,Honda,CB200X,2023,160000,Thane,Maharashtra,Yes
India,Hero,CD Deluxe,2005,20000,Kolkata,West Bengal,Yes
Italy,Aprilia,SXR 160,2021,60000,Chennai,Tamil Nadu,Yes
India,Hero,Pleasure Plus XTec,2023,65000,Kanyakumari,Tamil Nadu,Yes
Czech Republic,Jawa,Perak BS6,2022,220000,Kalaburagi,Karnataka,Yes
Czech Republic,Jawa,Jawa 42 Bobber Dual Channel ABS,2024,230000,Navi Mumbai,Maharashtra,Yes
Czech Republic,Jawa,Jawa 42 Dual Channel ABS Orion Red,2021,120000,Chennai,Tamil Nadu,Yes
India,Bajaj,Avenger Street 160 BS6,2020,70000,Kolkata,West Bengal,Yes
Hungary,Keeway,SR 125,2022,75000,Ahmedabad,Gujarat,Yes
UK / India,Royal Enfield,Thunderbird TwinSpark 350,2011,70000,Pune,Maharashtra,Yes
India,Bajaj,Pulsar 200 NS,2018,100000,Chennai,Tamil Nadu,Yes
UK / India,Royal Enfield,Hunter 350 Metro,2024,165000,Gurugram,Haryana,Yes
Japan,Yamaha,FZ-S FI V3,2020,90000,Hyderabad,Telangana,Yes
Austria,KTM,RC 390,2024,220000,Chennai,Tamil Nadu,Yes
UK / India,Royal Enfield,Thunderbird TwinSpark 350,2011,70000,Nashik,Maharashtra,Yes
India,Bajaj,Pulsar 150 DTSi,2009,22000,Bangalore,Karnataka,Yes
India,Ola,S1 Pro Gen2,2024,125000,Gurugram,Haryana,Yes
Japan,Honda,Hness CB 350,2020,137000,Mumbai,Maharashtra,Yes
UK / India,Royal Enfield,Bullet Machismo A500,2007,170000,Bangalore,Karnataka,Yes
Japan,Honda,Activa 125,2015,33000,Rangareddy,Telangana,Yes
UK / India,Royal Enfield,Interceptor 650 Twin,2024,300000,New Delhi,Delhi,Yes
UK / India,Royal Enfield,Classic 350 Dual Channel BS6,2022,160000,Kolkata,West Bengal,Yes
India,Okinawa,Ridge Plus,2021,45000,Bangalore,Karnataka,Yes
India,Ultraviolette,F77 Mach 2,2024,280000,Bangalore,Karnataka,Yes
Japan,Honda,Activa 5G,2020,52000,Bangalore,Karnataka,Yes
India,TVS,Scooty Pep Plus,2014,25000,Jaipur,Rajasthan,Yes
India,Hero,XPulse 200T,2021,70000,Pune,Maharashtra,Yes
India,Bajaj,Pulsar N250 Dual Channel ABS,2022,125000,Bangalore,Karnataka,Yes
Italy,Aprilia,SR 160,2017,38000,Chennai,Tamil Nadu,Yes
India,Okinawa,Ridge Plus,2022,30000,Palghar,Maharashtra,Yes
India,TVS,Apache RTR 160 4V,2022,85000,Pune,Maharashtra,Yes
UK / India,Royal Enfield,Classic Signals Stormrider Sand,2019,185000,Bangalore,Karnataka,Yes
India,Hero,Glamour 125 Drum,2018,36000,Hyderabad,Telangana,Yes
India,Bajaj,Avenger Cruise 220,2018,50000,Bangalore,Karnataka,Yes
India,Bajaj,Avenger Cruise 220,2016,50000,Chennai,Tamil Nadu,Yes
Japan,Yamaha,R15 V4,2022,145000,Guntur,Andhra Pradesh,Yes
India,Ampere,Magnus Pro,2021,40000,Thane,Maharashtra,Yes
UK / India,Royal Enfield,Classic 350 BS VI,2024,220000,Jaipur,Rajasthan,Yes
India,Hero,Destini 125 VX,2023,68000,Pune,Maharashtra,Yes
India,Bajaj,Pulsar NS200,2022,85000,Navi Mumbai,Maharashtra,Yes
India,Bajaj,Pulsar 125 Carbon Fibre Disc Split Seat,2022,70000,Ahmedabad,Gujarat,Yes
Japan,Yamaha,Alpha,2016,42000,Bangalore,Karnataka,Yes
India,TVS,Wego,2012,11000,Palghar,Maharashtra,Yes
India,TVS,Jupiter 125,2024,90000,Hyderabad,Telangana,Yes
USA,Harley,Iron 883,2014,470000,Bangalore,Karnataka,Yes
Japan,Yamaha,MT-15,2020,110000,Visakhapatnam,Andhra Pradesh,Yes
India,Bicycle,Clovis 5.2,2025,53000,Mandi,Himachal Pradesh,No
India,Bajaj,Avenger Cruise 220 BS6,2018,70000,Pune,Maharashtra,Yes
USA,Harley,Street 750,2019,395000,Bangalore,Karnataka,Yes
India,Joy e    bike,e-bike Wolf,2024,45000,Pune,Maharashtra,Yes
India,Ola,S1 Pro,2022,85000,Kolhapur,Maharashtra,Yes
India,Bajaj,Pulsar 220 DTSFi,2021,100000,Hyderabad,Telangana,Yes
Czech Republic,Jawa,Jawa 42 Dual Channel ABS Cosmic Carbon,2024,201000,Bangalore,Karnataka,Yes
Japan,Kawasaki,Ninja 300,2021,280000,Hyderabad,Telangana,Yes
Austria,KTM,RC 125,2020,80000,Thane,Maharashtra,Yes
India,Hero,Karizma R,2010,25008,Mumbai,Maharashtra,Yes
UK / India,Royal Enfield,Classic 350,2021,160000,Cuttack,Odisha,Yes
Japan,Honda,Activa,2011,25000,Thane,Maharashtra,Yes
UK / India,Royal Enfield,Interceptor 650 Twin,2020,200000,Navi Mumbai,Maharashtra,Yes
Japan,Yamaha,FZ 25,2017,80000,Ahmedabad,Gujarat,Yes
India,Bajaj,Avenger 220 DTS-i,2011,32000,Bangalore,Karnataka,Yes
Austria,KTM,RC 200,2017,90000,Mumbai,Maharashtra,Yes
India,Hero,HF Deluxe,2014,31500,Vaishali,Bihar,Yes
Japan,Honda,Shine 100,2025,75000,Salem,Tamil Nadu,Yes
India,Bajaj,CT110 ES BS6,2020,40000,Navi Mumbai,Maharashtra,Yes
Japan,Suzuki,Gixxer SF,2021,95000,Bangalore,Karnataka,Yes
Austria,KTM,Duke 200,2021,135000,Satara,Maharashtra,Yes
UK / India,Royal Enfield,Super Meteor 650,2025,380000,Mohali,Punjab,Yes
Japan,Suzuki,Access 125,2012,20000,Pune,Maharashtra,Yes
UK / India,Royal Enfield,Hunter 350 Metro,2025,200000,Belagavi,Karnataka,Yes
India,Bajaj,Dominar 250,2021,110000,Hyderabad,Telangana,Yes
Japan,Honda,Livo Disc,2016,17900,South East Delhi,Delhi,Yes
Japan,Honda,CB350C DLX Pro,2022,180000,Nellore,Andhra Pradesh,Yes
Japan,Honda,Shine,2013,16000,Chennai,Tamil Nadu,Yes
India,Hero,CBZ Xtreme,2012,30000,Pune,Maharashtra,Yes
Japan,Honda,Dio BS6,2022,65000,Chennai,Tamil Nadu,Yes
Japan,Honda,Unicorn 160 BS6,2023,91000,Rangareddy,Telangana,Yes
India,Hero,Passion XTec,2022,60000,Thane,Maharashtra,Yes
India,TVS,NTORQ Super Squad Edition,2023,85000,Bangalore,Karnataka,Yes
Japan,Honda,Activa 125,2017,45000,Thiruvananthapuram,Kerala,Yes
Japan,Honda,CB Unicorn,2012,35000,Thane,Maharashtra,Yes
India,Bajaj,Pulsar 150 Neon,2020,75000,Coimbatore,Tamil Nadu,Yes
UK / India,Royal Enfield,Bullet 350,2025,200000,Hyderabad,Telangana,Yes
UK / India,Royal Enfield,Super Meteor 650,2023,480000,Bangalore,Karnataka,Yes
India,TVS,Scooty Streak,2009,8000,Bangalore,Karnataka,Yes
Japan,Suzuki,Access 125 Special Edition,2022,75000,Pune,Maharashtra,Yes
UK / India,Royal Enfield,Thunderbird 500,2015,72000,Hyderabad,Telangana,Yes
Japan,Honda,Activa 3G,2015,20000,Ghaziabad,Uttar Pradesh,Yes
India,Bajaj,Pulsar 200 NS,2012,55000,Vadodara,Gujarat,Yes
India,Bajaj,Pulsar AS 200,2015,42500,Mumbai,Maharashtra,Yes
Japan,Honda,SP 125 BSVI,2023,80000,Bangalore,Karnataka,Yes
UK / India,Royal Enfield,Classic 350,2019,145000,Aurangabad,Maharashtra,Yes
Italy,Vespa,SXL 125,2021,75000,Salem,Tamil Nadu,Yes
Austria,KTM,Duke 200 2022,2021,145000,Thane,Maharashtra,Yes
India,Hero,Maestro Edge 125 BS6,2014,30000,Sangareddy,Telangana,Yes
UK / India,Royal Enfield,Himalayan,2019,140000,Mumbai,Maharashtra,Yes
Japan,Honda,CB Shine,2020,45000,Faridabad,Haryana,Yes
India,Hero,Xtreme 160R 4V Connected 2.0,2024,120000,Kolkata,West Bengal,Yes
UK / India,Royal Enfield,Bullet Electra,2017,135000,Coimbatore,Tamil Nadu,Yes
Japan,Honda,CB200X,2021,120000,South West Delhi,Delhi,Yes
Japan,Yamaha,Fascino 125 Fi,2021,40000,Noida,Uttar Pradesh,Yes
UK / India,Royal Enfield,Hunter 350,2023,180000,Noida,Uttar Pradesh,Yes
India,TVS,Jupiter 125 SmartXonnect,2024,100000,Ghaziabad,Uttar Pradesh,Yes
India,TVS,Apache RTR 160 4V Special Edition,2025,130000,Noida,Uttar Pradesh,Yes
United Kingdom,Triumph,Speed 400,2023,227000,Kolkata,West Bengal,Yes
India,TVS,Apache RTR 200 4V,2017,42000,Chennai,Tamil Nadu,Yes
India,Ola,S1 Pro Gen 3 3kWh,2025,120000,Navi Mumbai,Maharashtra,Yes
Germany,BMW,F 900 XR,2020,999999,Kozhikode,Kerala,Yes
UK / India,Royal Enfield,Himalayan BS VI,2022,240000,Chengalpattu,Tamil Nadu,Yes
Czech Republic,Yezdi,Roadster Dark,2022,160000,Prayagraj,Uttar Pradesh,Yes
Japan,Suzuki,Intruder 150,2018,45000,Kolkata,West Bengal,Yes
India,TVS,Jupiter,2025,85000,Mumbai,Maharashtra,Yes
Japan,Yamaha,FZ-S FI V3 BS6,2021,100000,Anantapur,Andhra Pradesh,Yes
UK / India,Royal Enfield,Classic Desert Storm,2010,25000,New Delhi,Delhi,Yes
Czech Republic,Jawa,Perak,2022,200000,Kolhapur,Maharashtra,Yes
India,Ola,S1 Pro,2022,85000,Pune,Maharashtra,Yes
Japan,Honda,CB350RS New Hue Edition,2023,200000,Hyderabad,Telangana,Yes
India,Bajaj,Pulsar NS200,2018,78000,Palakkad,Kerala,Yes
India,Bajaj,Pulsar 220F BS6,2025,135000,Cuttack,Odisha,Yes
Japan,Honda,Shine 125 Disc OBD2,2023,78786,Ludhiana,Punjab,Yes
Japan,Suzuki,SlingShot Plus,2013,40000,Pune,Maharashtra,Yes
UK / India,Royal Enfield,Classic 350 Redditch Red,2017,150000,Hyderabad,Telangana,Yes
Japan,Yamaha,FZ-S FI V2,2016,35000,Ahmedabad,Gujarat,Yes
USA,Harley,Street 750,2019,350000,Chickmagalur,Karnataka,Yes
UK / India,Royal Enfield,Classic 350,2018,150000,Chennai,Tamil Nadu,Yes
Japan,Honda,Shine 125 Disc,2021,65000,Palakkad,Kerala,Yes
India,TVS,Ronin TD,2022,130000,West Delhi,Delhi,Yes
Japan,Yamaha,FZ-X,2021,89000,Hyderabad,Telangana,Yes
India,Bajaj,Avenger 220 DTS-i,2013,30000,Bangalore,Karnataka,Yes
India,Hero,Xtreme 160R 4V Pro,2024,120000,Pune,Maharashtra,Yes
India,Bajaj,Avenger Street 150,2016,25000,Mumbai,Maharashtra,Yes
Japan,Honda,Activa 6G,2022,70000,Ramanagara,Karnataka,Yes
India,Hero,Splendor Plus,2011,19500,South West Delhi,Delhi,Yes
India,Hero,XPulse 200 BS6,2022,90000,Coimbatore,Tamil Nadu,Yes
Japan,Honda,Activa,2010,20000,Hyderabad,Telangana,Yes
UK / India,Royal Enfield,Classic 350,2019,180000,Bangalore,Karnataka,Yes
India,Ather,450X Gen 3,2025,160000,Chennai,Tamil Nadu,Yes
Japan,Honda,Activa 4G,2017,75000,Bangalore,Karnataka,Yes
Czech Republic,Jawa,Jawa 42 BS6,2021,150000,Mumbai,Maharashtra,Yes
UK / India,Royal Enfield,Thunderbird TwinSpark 350,2010,40000,Mumbai,Maharashtra,Yes
India,Bajaj,Pulsar 150 Neon BS6,2019,45000,Ballari,Karnataka,Yes
Japan,Suzuki,GS 150R,2011,25000,Mumbai,Maharashtra,Yes
India,TVS,Raider 125,2023,70000,Navi Mumbai,Maharashtra,Yes
India,Hero,Destini 125,2021,40000,Vadodara,Gujarat,Yes
India,TVS,Raider 125,2021,60000,Pune,Maharashtra,Yes
India,TVS,Apache RR 310,2020,200000,Gadag,Karnataka,Yes
India,Bajaj,Pulsar 150,2012,20000,Chennai,Tamil Nadu,Yes
UK / India,Royal Enfield,Himalayan BS VI,2019,140000,Chennai,Tamil Nadu,Yes
India,TVS,Apache RTR 200 4V,2018,75000,Chennai,Tamil Nadu,Yes
India,TVS,Apache RTR 180,2014,30000,Mohali,Punjab,Yes
India,Hero,Splendor Pro,2012,35000,Aurangabad,Maharashtra,Yes
India,Ola,S1 Pro,2022,80000,Pimpri-Chinchwad,Maharashtra,Yes
UK / India,Royal Enfield,Classic 350,2019,165000,Dindigul,Tamil Nadu,Yes
India,TVS,Raider 125,2022,65000,Gurugram,Haryana,Yes
India,Bajaj,Avenger 180 DTS-i,2018,52000,Howrah,West Bengal,Yes
Japan,Yamaha,FZ FI V2,2014,48000,Bangalore,Karnataka,Yes
Japan,Honda,Activa 4G,2018,39000,Hyderabad,Telangana,Yes
Japan,Honda,CB350 DLX,2022,190000,Pune,Maharashtra,Yes
Japan,Suzuki,Access 125,2011,20000,Chennai,Tamil Nadu,Yes
India,TVS,Scooty Pep Plus,2018,30000,Navi Mumbai,Maharashtra,Yes
UK / India,Royal Enfield,Classic 350 Dual Channel BS6,2025,240000,Tiruchirappalli,Tamil Nadu,Yes
Japan,Suzuki,Access 125,2014,25000,Navi Mumbai,Maharashtra,Yes
Austria,KTM,RC 200,2020,125000,Rewari,Haryana,Yes
Austria,KTM,Duke 390,2015,150000,Pune,Maharashtra,Yes
India,Bajaj,Avenger Street 150,2016,60000,Bangalore,Karnataka,Yes
India,Bajaj,Chetak Electric,2023,80000,Pimpri-Chinchwad,Maharashtra,Yes
Japan,Honda,Activa 3G,2016,25000,West Medinipur,West Bengal,Yes
India,Hero,Maestro Edge,2017,30000,Tiruchirappalli,Tamil Nadu,Yes
Japan,Honda,Activa,2009,10000,Thane,Maharashtra,Yes
Japan,Honda,Activa,2013,38000,Pune,Maharashtra,Yes
India,Hero,Ignitor,2014,30000,Vadodara,Gujarat,Yes
UK / India,Royal Enfield,Thunderbird 350,2013,45000,Thane,Maharashtra,Yes
India,Hero,Glamour 125,2018,39999,Rajkot,Gujarat,Yes
India,Hero,Maestro Edge 125,2016,15000,Mangalore,Karnataka,Yes
India,Ampere,Magnus Ex,2022,25000,Bangalore,Karnataka,Yes
Japan,Yamaha,R15 V4,2024,120000,Chennai,Tamil Nadu,Yes
India,TVS,Apache RTR 160,2019,68000,Ahmedabad,Gujarat,Yes
Japan,Honda,Unicorn 160 BS6,2024,95000,Hyderabad,Telangana,Yes
India,TVS,Jupiter ZX,2020,40000,Noida,Uttar Pradesh,Yes
India,Bajaj,Chetak Electric,2020,70000,Bangalore,Karnataka,Yes
UK / India,Royal Enfield,Meteor 350 Stellar,2022,220000,Nashik,Maharashtra,Yes
Austria,KTM,RC 125,2022,140000,Kanyakumari,Tamil Nadu,Yes
Japan,Yamaha,FZ-S,2015,40000,Bangalore,Karnataka,Yes
India,Hero,CBZ,2009,13000,Ahmedabad,Gujarat,Yes
UK / India,Royal Enfield,Interceptor 650 Twin,2019,200000,Chennai,Tamil Nadu,Yes
India,Bajaj,Avenger Street 150,2016,45000,Noida,Uttar Pradesh,Yes
Italy,Vespa,VXL 125,2019,40000,Hyderabad,Telangana,Yes
UK / India,Royal Enfield,Thunderbird 350,2014,65000,Bangalore,Karnataka,Yes
United Kingdom,Triumph,Speed 400,2023,225000,Hyderabad,Telangana,Yes
Japan,Honda,Hornet 2.0,2018,45000,Bangalore,Karnataka,Yes
Japan,Yamaha,FZ-S FI V2,2018,45000,Prayagraj,Uttar Pradesh,Yes
Japan,Yamaha,Fascino 125 Fi Hybrid,2024,75000,North Goa,Goa,Yes
Czech Republic,Jawa,Jawa 42 Dual Channel ABS Orion Red,2021,175000,Malda,West Bengal,Yes
UK / India,Royal Enfield,Thunderbird 350,2016,88000,Noida,Uttar Pradesh,Yes
India,Bajaj,Dominar 250,2022,125000,Thane,Maharashtra,Yes
India,TVS,Apache RR 310,2020,180000,New Delhi,Delhi,Yes
UK / India,Royal Enfield,Meteor 350 Stellar,2022,190000,Visakhapatnam,Andhra Pradesh,Yes
Japan,Yamaha,FZ FI V2,2017,51000,Nagpur,Maharashtra,Yes
UK / India,Royal Enfield,Classic 350 Dual Channel BS6,2021,195000,Mohali,Punjab,Yes
India,Bajaj,Dominar 400,2017,100000,Bangalore,Karnataka,Yes
India,Hero,Xtreme 160R,2020,70000,Noida,Uttar Pradesh,Yes
India,Ola,S1 Pro Gen2,2024,110000,Bangalore,Karnataka,Yes
UK / India,Royal Enfield,Bear 650,2025,440000,Hyderabad,Telangana,Yes
UK / India,Royal Enfield,Bullet Standard 350,2023,190000,Visakhapatnam,Andhra Pradesh,Yes
India,TVS,Raider iGO,2024,80000,Hyderabad,Telangana,Yes
Japan,Yamaha,YZF R15 V3 BS6,2025,150000,Erode,Tamil Nadu,Yes
Japan,Honda,SP 160 Double Disc,2022,95000,Ahmedabad,Gujarat,Yes
Japan,Honda,Activa 4G,2017,48000,Pune,Maharashtra,Yes
Japan,Suzuki,GS 150R,2012,29999,Aurangabad,Maharashtra,Yes
USA,Harley,Davidson X440 Vivid,2023,200000,Panipat,Haryana,Yes
India,Bajaj,Pulsar 150 DTSi,2012,37000,Ghaziabad,Uttar Pradesh,Yes
Czech Republic,Yezdi,Roadster Dark,2022,160000,Bangalore,Karnataka,Yes
India,Bajaj,Pulsar 135LS,2011,30000,Navi Mumbai,Maharashtra,Yes
Japan,Suzuki,V-Strom 250,2023,170000,Ahmedabad,Gujarat,Yes
India,Hero,Hunk,2008,13499,Nadia,West Bengal,Yes
India,Bajaj,Pulsar 150 DTSi,2012,27000,Kanyakumari,Tamil Nadu,Yes
Japan,Honda,CBR 150R,2016,50000,Bangalore,Karnataka,Yes
India,Hero,Hunk,2009,20000,Mumbai,Maharashtra,Yes
Sweden,Husqvarna,Vitpilen 250,2021,190000,Hyderabad,Telangana,Yes
India,Bajaj,Pulsar AS 150,2015,29000,Mumbai,Maharashtra,Yes
India,TVS,Apache RTR 200 4V ABS,2017,45000,Chennai,Tamil Nadu,Yes
India,Bajaj,Pulsar RS 200 BS6,2022,135000,Lucknow,Uttar Pradesh,Yes
Japan,Honda,CB Unicorn 160,2024,100000,Chengalpattu,Tamil Nadu,Yes
Austria,KTM,390 Adventure,2020,200000,Pune,Maharashtra,Yes
India,Bajaj,Pulsar RS 200 ABS,2018,70000,Mumbai,Maharashtra,Yes
USA,Harley,Street Rod,2017,400000,Bangalore,Karnataka,Yes
Japan,Kawasaki,Ninja 300R,2019,250000,Gurugram,Haryana,Yes
UK / India,Royal Enfield,Meteor 350,2021,220000,Bangalore,Karnataka,Yes
India,TVS,Raider 125,2025,95000,Medchal-Malkajgiri,Telangana,Yes
Sweden,Husqvarna,Svartpilen 250,2021,135000,Pune,Maharashtra,Yes
UK / India,Royal Enfield,Thunderbird 350,2016,110000,Pune,Maharashtra,Yes
India,Bajaj,Pulsar 150 DTSi,2012,28000,Bangalore,Karnataka,Yes
Japan,Honda,Activa 5G,2019,49000,Margao,Goa,Yes
United Kingdom,Triumph,Scrambler 400 X,2024,230000,Ghaziabad,Uttar Pradesh,Yes
UK / India,Royal Enfield,Himalayan,2017,180000,Bangalore,Karnataka,Yes
India,Ola,S1 3kWh,2023,60000,Vadodara,Gujarat,Yes
UK / India,Royal Enfield,Thunderbird 350,2013,70000,Thane,Maharashtra,Yes
UK / India,Royal Enfield,Continental GT 650 Twin,2025,400000,Bangalore,Karnataka,Yes
India,Bajaj,Discover 150 S,2014,25000,Thane,Maharashtra,Yes
Germany,BMW,G 310 GS,2022,230000,South West Delhi,Delhi,Yes
India,Ather,Rizta S,2024,115000,Thane,Maharashtra,Yes
India,Hero,Splendor Plus IBS i3s,2021,80000,Chennai,Tamil Nadu,Yes
India,Ola,S1 Pro,2023,75000,Mysore,Karnataka,Yes
Japan,Yamaha,Fazer 125,2013,75000,Chennai,Tamil Nadu,Yes
India,Bajaj,Avenger 220 DTS-i,2014,25000,Mumbai,Maharashtra,Yes
India,Bajaj,Pulsar 150 DTSi,2017,45000,Hyderabad,Telangana,Yes
UK / India,Royal Enfield,Bullet Standard 350,1986,150000,Ramanagara,Karnataka,Yes
Japan,Yamaha,MT-15 Ver 2.0,2022,150000,Pune,Maharashtra,Yes
Austria,KTM,RC 200,2021,170000,Dharmapuri,Tamil Nadu,Yes
India,Bajaj,Avenger Street 160 BS6,2020,70000,Bulandshahr,Uttar Pradesh,Yes
Japan,Yamaha,MT-15 BS6,2020,80000,Howrah,West Bengal,Yes
India,Bajaj,Avenger 200 DTS-i,2010,35000,Chennai,Tamil Nadu,Yes
India,Hero,Glamour,2018,35000,New Delhi,Delhi,Yes
India,TVS,Apache RTR 160 4V BS6,2023,120000,Hyderabad,Telangana,Yes
India,Bajaj,Discover 125M,2014,23000,Jodhpur,Rajasthan,Yes
Austria,KTM,RC 125,2020,125000,Bangalore,Karnataka,Yes
UK / India,Royal Enfield,Bullet 350,2025,249000,Hyderabad,Telangana,Yes
Japan,Honda,CB Unicorn 160,2015,40000,Mumbai,Maharashtra,Yes
India,Bajaj,Discover 125M,2015,27000,Ghaziabad,Uttar Pradesh,Yes
India,Bajaj,Pulsar 150 DTSi,2012,35000,Bangalore,Karnataka,Yes
UK / India,Royal Enfield,Classic 350,2016,160000,Bangalore,Karnataka,Yes
Austria,KTM,RC 125,2021,110000,Mumbai,Maharashtra,Yes
UK / India,Royal Enfield,Thunderbird TwinSpark 350,2012,70000,Bangalore,Karnataka,Yes
Czech Republic,Jawa,Jawa 42 BS6,2021,135000,Mangalore,Karnataka,Yes
Czech Republic,Yezdi,Roadster Dark,2023,175000,Amravati,Maharashtra,Yes
India,Bajaj,Pulsar 220F,2016,45000,Mumbai,Maharashtra,Yes
Japan,Honda,Activa i,2015,30000,Hyderabad,Telangana,Yes
UK / India,Royal Enfield,Classic 350 Dual Channel BS6,2023,170000,Gurugram,Haryana,Yes
Japan,Honda,Shine 125 Disc,2012,29000,Hyderabad,Telangana,Yes
UK / India,Royal Enfield,Classic Stealth Black,2017,125000,Chennai,Tamil Nadu,Yes
India,Ather,450X Gen 3,2023,115000,Bangalore,Karnataka,Yes
Austria,KTM,Duke 200 ABS,2021,175000,Hyderabad,Telangana,Yes
India,TVS,iQube S,2023,130000,Pune,Maharashtra,Yes
India,TVS,iQube S,2024,120000,Bangalore,Karnataka,Yes
India,TVS,iQube ST,2025,120000,Medchal-Malkajgiri,Telangana,Yes
United Kingdom,Triumph,Street Twin,2019,650000,Thane,Maharashtra,Yes
India,TVS,Apache RTR 160 4V BS6,2021,85000,Bangalore,Karnataka,Yes
India,Bajaj,Pulsar 150 Neon,2019,55000,Meerut,Uttar Pradesh,Yes
Czech Republic,Jawa,Jawa 42 Dual Channel ABS AllStar Black,2024,190000,Coimbatore,Tamil Nadu,Yes
India,Bajaj,V15,2017,25000,North West Delhi,Delhi,Yes
India,Ola,S1X 4 kWh,2025,80000,Nanded,Maharashtra,Yes
Czech Republic,Yezdi,Adventure Single Headlight,2023,175000,Vellore,Tamil Nadu,Yes
India,Revolt Motors,RV 400,2021,90000,Hyderabad,Telangana,Yes
India,Bajaj,Discover DTSi 150,2011,30000,North West Delhi,Delhi,Yes
India,Hero,Destini 125 BS6,2021,58900,New Delhi,Delhi,Yes
India,TVS,Jupiter,2018,32000,Churu,Rajasthan,Yes
India,TVS,Star City,2007,15000,Tenkasi,Tamil Nadu,Yes
Japan,Yamaha,R15 V4,2023,150000,Madurai,Tamil Nadu,Yes
India,Bajaj,Dominar 400,2018,120000,Bangalore,Karnataka,Yes
Japan,Yamaha,MT-15 Ver 2.0,2023,150000,Kokrajhar,Assam,Yes
Italy,Aprilia,RS 457,2024,450000,Coimbatore,Tamil Nadu,Yes
India,Bajaj,Pulsar 125 Split Seat,2020,65000,Noida,Uttar Pradesh,Yes
India,Bajaj,Pulsar N160,2022,80000,Pune,Maharashtra,Yes
Japan,Yamaha,FZ-S FI V3,2019,70000,Uttara Kannada,Karnataka,Yes
India,Tork,Kratos R,2023,120000,Pune,Maharashtra,Yes
India,Ather,Rizta Z,2024,130000,Bangalore,Karnataka,Yes
Japan,Honda,Dio 125 Smart,2024,80000,Bangalore,Karnataka,Yes
India,Bajaj,Pulsar 150,2012,55000,Pune,Maharashtra,Yes
India,Hero,Super Splendor IBS,2020,47000,Mumbai,Maharashtra,Yes
United Kingdom,Triumph,Scrambler 400 X,2023,249000,Thane,Maharashtra,Yes
Japan,Suzuki,Burgman Street,2019,63000,Mumbai,Maharashtra,Yes
India,Hero,Xpulse 200 4V Rally Edition,2022,155000,Mumbai,Maharashtra,Yes
India,Bajaj,Avenger Street 180,2018,69900,Pune,Maharashtra,Yes
India,Ola,S1 Pro Gen2,2024,100000,Pimpri-Chinchwad,Maharashtra,Yes
India,Bajaj,Pulsar 180 DTSi,2020,45000,Malda,West Bengal,Yes
Austria,KTM,Duke 390,2018,150000,Bhopal,Madhya Pradesh,Yes
India,Hero,Passion Pro BS6,2021,58000,Lucknow,Uttar Pradesh,Yes
India,Bicycle,Montra Cycle,2020,6500,Mumbai,Maharashtra,No
Austria,KTM,RC 390,2018,160000,Bangalore,Karnataka,Yes
Japan,Yamaha,FZ-S FI Ver 4.0,2024,140000,Sangli,Maharashtra,Yes
Japan,Honda,CB Unicorn 160,2018,61000,Mumbai,Maharashtra,Yes
UK / India,Royal Enfield,Thunderbird X 350,2018,99999,Lucknow,Uttar Pradesh,Yes
India,TVS,XL100 Comfort i-TOUCHstart BS6,2025,75000,Chennai,Tamil Nadu,Yes
India,TVS,Apache RTR 160 4V,2022,98000,Thane,Maharashtra,Yes
India,Hero,Pleasure,2012,25000,Prayagraj,Uttar Pradesh,Yes
Japan,Honda,CB200X,2024,170000,Pune,Maharashtra,Yes
India,Odysse Electric,E2go Lite,2024,38000,Jamnagar,Gujarat,Yes
Japan,Yamaha,FZ 25,2017,69000,Gandhinagar,Gujarat,Yes
UK / India,Royal Enfield,Himalayan 452,2024,330000,Bangalore,Karnataka,Yes
Japan,Suzuki,V-Strom 250,2024,190000,Chennai,Tamil Nadu,Yes
India,Ola,S1 Pro Gen2,2023,99000,Bangalore,Karnataka,Yes
India,Hero,Xpulse 200 4V,2021,107000,Kolkata,West Bengal,Yes
India,Bajaj,Pulsar 150 DTSi,2018,49999,Lucknow,Uttar Pradesh,Yes
United Kingdom,Triumph,Scrambler 400 X,2024,260000,Kolkata,West Bengal,Yes
Japan,Suzuki,Access 125,2014,30000,Bangalore,Karnataka,Yes
UK / India,Royal Enfield,Himalayan,2016,70000,Vijayawada,Andhra Pradesh,Yes
India,Hero,Splendor Plus Black and Accent,2022,60000,Chennai,Tamil Nadu,Yes
UK / India,Royal Enfield,Thunderbird 350,2016,75000,Mayiladuthurai,Tamil Nadu,Yes
Japan,Honda,Activa,2020,60000,Tiruchirappalli,Tamil Nadu,Yes
Japan,Honda,Activa,2012,25000,Hyderabad,Telangana,Yes
India,TVS,Apache RTR 160 4V,2023,80000,Visakhapatnam,Andhra Pradesh,Yes
UK / India,Royal Enfield,Hunter 350 Metro,2023,180000,Hyderabad,Telangana,Yes
India,TVS,Apache RTR 160 4V,2019,35000,North Delhi,Delhi,Yes
Japan,Kawasaki,W175 BS6,2022,60000,Medchal,Telangana,Yes
India,Bajaj,Chetak Electric,2023,110000,Hyderabad,Telangana,Yes
India,Mahindra Electric,Gusto 125,2016,30000,Bangalore,Karnataka,Yes
Sweden,Husqvarna,Vitpilen 250 2020,2020,150000,Bhopal,Madhya Pradesh,Yes
India,TVS,Apache RTR 200 4V ABS,2020,110000,Buldhana,Maharashtra,Yes
India,Hero,Xtreme 125R,2024,80000,Bangalore,Karnataka,Yes
Japan,Honda,Activa 125,2017,30000,Ghaziabad,Uttar Pradesh,Yes
UK / India,Royal Enfield,Guerrilla 450 Flash,2024,250000,Mumbai,Maharashtra,Yes
Austria,KTM,390 Adventure,2023,340000,Bangalore,Karnataka,Yes
USA,Harley,X440 S,2023,290000,Vijayawada,Andhra Pradesh,Yes
India,Bajaj,Dominar 400 ABS BS6,2020,130000,Nadia,West Bengal,Yes
India,Bajaj,Pulsar 180 DTSi,2016,40000,Lucknow,Uttar Pradesh,Yes
India,Bajaj,Pulsar N160 Dual Channel ABS,2023,116000,Pune,Maharashtra,Yes
India,Bicycle,Firefox,2020,25000,Coimbatore,Tamil Nadu,No
India,Hero,Xtreme 160R Stealth Edition,2023,85000,Nagaur,Rajasthan,Yes
UK / India,Royal Enfield,Interceptor 650 Twin,2020,240000,Jaipur,Rajasthan,Yes
India,TVS,Apache RTR 160 4V,2018,65000,Chennai,Tamil Nadu,Yes
India,Ather,450X Gen 3,2022,80000,Dakshina Kannada,Karnataka,Yes
Czech Republic,Jawa,Jawa 42 BS6,2020,130000,Mumbai,Maharashtra,Yes
India,Bajaj,Avenger Street 160,2020,78000,Bangalore,Karnataka,Yes
Germany,BMW,G 310 GS BS6,2022,280000,Hyderabad,Telangana,Yes
India,Bajaj,Avenger 220 DTS-i,2015,47000,Bangalore,Karnataka,Yes
Japan,Yamaha,FZ-X,2022,80000,Muzaffarnagar,Uttar Pradesh,Yes
Japan,Honda,CB Shine SP,2016,35000,Kanpur Nagar,Uttar Pradesh,Yes
Japan,Yamaha,FZ-X,2022,60000,Thoothukudi,Tamil Nadu,Yes
Japan,Kawasaki,Ninja 300,2022,260000,South 24 Parganas,West Bengal,Yes
India,Bajaj,CT110X,2021,55000,Mysore,Karnataka,Yes
India,Bajaj,Avenger Street 150,2016,40000,Pune,Maharashtra,Yes
India,Bajaj,Pulsar 125,2023,60000,Jaipur,Rajasthan,Yes
Japan,Honda,SP 160 Double Disc,2024,110000,Pimpri-Chinchwad,Maharashtra,Yes
India,Ola,S1 Pro,2023,125000,Anantapur,Andhra Pradesh,Yes
India,TVS,NTORQ 125 Race Edition BS6,2023,78000,Tirupati,Andhra Pradesh,Yes
India,TVS,Scooty Pep Plus,2009,15000,Bangalore,Karnataka,Yes
Sweden,Husqvarna,Svartpilen 401 2024,2024,265000,Pune,Maharashtra,Yes
India,Hero,Passion Pro,2010,20500,Surat,Gujarat,Yes
Czech Republic,Jawa,Jawa 42,2019,110000,Bangalore,Karnataka,Yes
Italy,Vespa,SXL 125,2022,90000,Ghaziabad,Uttar Pradesh,Yes
India,Hero,Pleasure,2014,11000,Patna,Bihar,Yes
Japan,Yamaha,R15M,2023,200000,Bangalore,Karnataka,Yes
India,Bicycle,Decathlon Cycle,2020,10000,Ernakulam,Kerala,No
Japan,Yamaha,Fascino,2021,50000,Faridabad,Haryana,Yes
Japan,Yamaha,YZF R15 V2,2019,80000,Noida,Uttar Pradesh,Yes
India,Bajaj,Pulsar 125,2022,65000,Faridabad,Haryana,Yes
India,Hero,HF Deluxe,2024,90000,Mangalore,Karnataka,Yes
India,Bicycle,Schnell Cycle,2022,8000,Mysore,Karnataka,No
Czech Republic,Yezdi,Roadster Dark,2023,170000,Vadodara,Gujarat,Yes
United Kingdom,BSA,Gold Star 650,2024,310000,Hyderabad,Telangana,Yes
UK / India,Royal Enfield,Hunter 350 Metro,2022,160000,Bangalore,Karnataka,Yes
India,Ola,S1 Air,2024,70000,Bangalore,Karnataka,Yes
India,Hero,Hunk,2011,18000,Chennai,Tamil Nadu,Yes
India,Revolt Motors,RV 400,2019,75000,East Delhi,Delhi,Yes
Czech Republic,Jawa,Perak,2021,115000,Hisar,Haryana,Yes
India,Ola,S1 Pro,2022,95000,Bangalore,Karnataka,Yes
UK / India,Royal Enfield,Classic 350 BS VI,2020,165000,Bhubaneswar,Odisha,Yes
India,Hero,CBZ Xtreme,2010,21000,Dewas,Madhya Pradesh,Yes
India,TVS,Apache RTR 160 4V BS6,2020,100000,Etawah,Uttar Pradesh,Yes
India,Bajaj,Avenger Street 220,2016,40000,Gurugram,Haryana,Yes
Japan,Honda,Activa 125,2018,35000,North Delhi,Delhi,Yes
India,Hero,Passion Pro,2019,30000,New Delhi,Delhi,Yes
UK / India,Royal Enfield,Meteor 350 Stellar,2024,220000,Chennai,Tamil Nadu,Yes
India,TVS,Apache RR 310,2020,180000,Lucknow,Uttar Pradesh,Yes
India,Bajaj,Pulsar 220 DTSFi,2013,49000,Bangalore,Karnataka,Yes
Japan,Honda,Activa 4G,2017,38000,Mumbai,Maharashtra,Yes
India,Bajaj,Pulsar 150 DTSi,2007,12000,Vadodara,Gujarat,Yes
Japan,Yamaha,FZ 1,2016,60000,Bangalore,Karnataka,Yes
Japan,Honda,Activa 125,2016,25000,New Delhi,Delhi,Yes
India,Bajaj,Avenger Cruise 220 BS6,2019,80000,Thane,Maharashtra,Yes
India,Hero,Glamour,2007,25000,Bharuch,Gujarat,Yes
India,Bajaj,Pulsar 125 Carbon Fibre Disc Single Seat,2023,65000,Palwal,Haryana,Yes
India,Bajaj,Pulsar 220F,2020,80000,Visakhapatnam,Andhra Pradesh,Yes
India,Bajaj,Pulsar N160 Dual Channel ABS,2023,95000,YSR Kadapa,Andhra Pradesh,Yes
India,Hero,Passion Pro BS6,2020,60000,Mumbai,Maharashtra,Yes
Japan,Yamaha,R15 V4,2023,150000,Nalgonda,Telangana,Yes
Japan,Honda,Shine 125 Disc,2015,42000,Bangalore,Karnataka,Yes
Japan,Yamaha,Aerox 155,2022,125000,Mumbai,Maharashtra,Yes
Austria,KTM,Duke 250 2022,2023,190000,Puducherry,Puducherry,Yes
India,Hero,CBZ Xtreme,2007,20000,Pune,Maharashtra,Yes
India,Hero,Xpulse 200 4V,2022,90000,Thane,Maharashtra,Yes
Japan,Honda,Activa 5G,2019,43000,Mumbai,Maharashtra,Yes
UK / India,Royal Enfield,Continental GT 650,2022,290000,Bhopal,Madhya Pradesh,Yes
India,Bajaj,Pulsar 180 DTSi,2018,80000,Bangalore,Karnataka,Yes
United Kingdom,Triumph,Tiger Sport 660,2023,800000,Mumbai,Maharashtra,Yes
India,Hero,CBZ Xtreme,2013,35000,Margao,Goa,Yes
India,Tork,Kratos R,2024,50000,Nagpur,Maharashtra,Yes
Japan,Honda,Activa 6G Std,2022,80000,Chennai,Tamil Nadu,Yes
India,Hero,Xpulse 200 4V,2022,120000,Kolkata,West Bengal,Yes
UK / India,Royal Enfield,Classic 350,2015,90000,Greater Noida,Uttar Pradesh,Yes
UK / India,Royal Enfield,Thunderbird X 350,2018,98000,Bangalore,Karnataka,Yes
Japan,Honda,Activa 3G,2016,45000,Bangalore,Karnataka,Yes
Japan,Honda,Hness Anniversary Edition,2022,210000,Mumbai,Maharashtra,Yes
India,TVS,Scooty Pep,2017,12000,Mumbai,Maharashtra,Yes
India,TVS,Apache RTR 160 4V Special Edition,2022,125000,Jind,Haryana,Yes
Japan,Yamaha,R15 V4,2023,110000,Jajpur,Odisha,Yes
UK / India,Royal Enfield,Classic 350 BS VI,2015,120000,Patiala,Punjab,Yes
Japan,Yamaha,FZ 1,2014,45000,Chennai,Tamil Nadu,Yes
Japan,Suzuki,Access 125 BS6,2021,80000,Bhopal,Madhya Pradesh,Yes
Czech Republic,Yezdi,Scrambler Single Tone,2023,125000,Dindigul,Tamil Nadu,Yes
India,Ola,S1 Air 3kWh,2024,85000,Thrissur,Kerala,Yes
India,Bajaj,Pulsar NS200,2018,70000,Chennai,Tamil Nadu,Yes
UK / India,Royal Enfield,Hunter 350,2024,180000,Varanasi,Uttar Pradesh,Yes
UK / India,Royal Enfield,Bullet Electra,2019,130000,Hyderabad,Telangana,Yes
India,Hero,Pleasure,2017,30000,Wanaparthy,Telangana,Yes
Japan,Honda,Activa,2011,20000,Hyderabad,Telangana,Yes
India,Hero,Passion Pro,2009,30000,Deoria,Uttar Pradesh,Yes
India,Bajaj,Pulsar 150 DTSi,2008,15000,Hyderabad,Telangana,Yes
Japan,Honda,Unicorn,2023,90000,Visakhapatnam,Andhra Pradesh,Yes
India,TVS,NTORQ Super Squad Edition,2020,70000,Hyderabad,Telangana,Yes
India,Ola,S1X 4 kWh,2025,95000,Bangalore,Karnataka,Yes
UK / India,Royal Enfield,Interceptor 650 Twin,2020,180000,Pune,Maharashtra,Yes
India,Bajaj,Pulsar NS 160,2020,63999,Tirupati,Andhra Pradesh,Yes
India,Okinawa,Ridge Plus,2022,35696,Thane,Maharashtra,Yes
Japan,Honda,CB350 DLX,2022,225000,Thane,Maharashtra,Yes
Japan,Honda,NX200,2025,190000,Mumbai,Maharashtra,Yes
Japan,Honda,Unicorn,2014,40000,Pune,Maharashtra,Yes
UK / India,Royal Enfield,Classic Chrome,2014,90000,Mumbai,Maharashtra,Yes
UK / India,Royal Enfield,Bullet 350,2017,85000,Gurugram,Haryana,Yes
Austria,KTM,390 Adventure,2024,380000,Salem,Tamil Nadu,Yes
UK / India,Royal Enfield,Meteor 350 Stellar,2022,160000,Bangalore,Karnataka,Yes
Japan,Yamaha,Fascino,2018,30000,Hyderabad,Telangana,Yes
India,Bajaj,Pulsar 220F,2018,60000,Hyderabad,Telangana,Yes
Italy,Benelli,Imperiale 400,2022,165000,Bangalore,Karnataka,Yes
India,TVS,Raider 125,2023,80000,Mumbai,Maharashtra,Yes
India,Bajaj,Pulsar N250,2022,95000,Coimbatore,Tamil Nadu,Yes
Japan,Yamaha,Aerox 155 Version S,2024,100000,Ghaziabad,Uttar Pradesh,Yes
Japan,Honda,CB Unicorn,2016,40000,Palghar,Maharashtra,Yes
India,Ather,Rizta Z,2025,180000,Shahdara,Delhi,Yes
India,Bajaj,Pulsar 150 DTSi,2006,20000,Mysore,Karnataka,Yes
India,Ola,S1 Pro Gen2,2024,100000,New Delhi,Delhi,Yes
Japan,Suzuki,Gixxer 150,2015,38000,Bangalore,Karnataka,Yes
UK / India,Royal Enfield,Hunter 350 Metro,2022,180000,Navi Mumbai,Maharashtra,Yes
UK / India,Royal Enfield,Classic 350 Redditch Red,2018,150000,Noida,Uttar Pradesh,Yes
India,Bajaj,Pulsar NS200,2018,80000,Bangalore,Karnataka,Yes
Japan,Suzuki,Gixxer 150,2016,40000,Navi Mumbai,Maharashtra,Yes
India,Bajaj,Pulsar NS400Z,2024,250000,Bangalore,Karnataka,Yes
India,TVS,Sport,2024,48000,Ballia,Uttar Pradesh,Yes
India,Ather,450X Gen 3,2022,99999,Bangalore,Karnataka,Yes
UK / India,Royal Enfield,Thunderbird 350,2018,110000,Pune,Maharashtra,Yes
India,Bajaj,Avenger Cruise 220,2025,149000,Hyderabad,Telangana,Yes
Japan,Yamaha,FZ-S FI V3 BS6,2025,125000,Nashik,Maharashtra,Yes
Czech Republic,Jawa,Jawa 42,2019,120000,Thiruvananthapuram,Kerala,Yes
India,Ola,S1 Pro,2023,100000,Thane,Maharashtra,Yes
UK / India,Royal Enfield,Classic 350,2014,95000,Nellore,Andhra Pradesh,Yes
India,Bajaj,Avenger 220 DTS-i,2017,125000,Pune,Maharashtra,Yes
India,Bajaj,Pulsar RS 200 ABS,2018,90000,Chennai,Tamil Nadu,Yes
India,Bajaj,Avenger Street 160,2016,40000,Basti,Uttar Pradesh,Yes
India,Ola,S1 Pro Plus Gen 3 4kWh,2025,150000,Mysore,Karnataka,Yes
India,Bajaj,Avenger Cruise 220 BS6,2022,125000,Indore,Madhya Pradesh,Yes
India,Hero,Xtreme 160R BS6,2020,55000,Hooghly,West Bengal,Yes
UK / India,Royal Enfield,Classic 350 Dual Channel BS6,2022,185000,Vadodara,Gujarat,Yes
Japan,Honda,CB350RS,2022,190000,Malappuram,Kerala,Yes
Japan,Yamaha,YZF R15 V2,2017,55000,Chennai,Tamil Nadu,Yes
India,TVS,Wego,2012,20000,Thane,Maharashtra,Yes
Japan,Honda,Activa 3G,2013,20000,Thane,Maharashtra,Yes
UK / India,Royal Enfield,Thunderbird 350,2012,50000,Mumbai,Maharashtra,Yes
India,Hero,Glamour X 125 Disc,2022,65000,Chennai,Tamil Nadu,Yes
Japan,Yamaha,FZ-S FI V2,2018,50000,Cuttack,Odisha,Yes
USA,Harley,X440 S,2023,300000,Bangalore,Karnataka,Yes
Japan,Yamaha,FZS 25 BS6,2021,90000,Mumbai,Maharashtra,Yes
India,Bajaj,Avenger Street 160 BS6,2023,100000,Chennai,Tamil Nadu,Yes
Sweden,Husqvarna,Svartpilen 250 2022,2022,149999,Latur,Maharashtra,Yes
India,Bajaj,Pulsar 150 DTSi,2011,35000,Bangalore,Karnataka,Yes
India,Bajaj,Avenger 220 DTS-i,2014,40000,Chennai,Tamil Nadu,Yes
India,Bicycle,Toronto Cycle,2024,15000,Coimbatore,Tamil Nadu,No
India,TVS,Apache RTR 160 4V,2021,60000,South Delhi,Delhi,Yes
Japan,Honda,Activa 3G,2016,21000,Hyderabad,Telangana,Yes
Japan,Yamaha,SZ-RR,2015,30000,Bardhaman,West Bengal,Yes
UK / India,Royal Enfield,Shotgun 650 Twin,2024,360000,Dewas,Madhya Pradesh,Yes
Japan,Honda,CB Hornet 160R,2017,45000,Kolkata,West Bengal,Yes
Japan,Yamaha,FZ    S 25,2019,95000,Bangalore,Karnataka,Yes
India,Hero,XPulse 200 BS6,2021,85000,Idukki,Kerala,Yes
Japan,Yamaha,R15 V4,2022,140000,Ernakulam,Kerala,Yes
India,Bajaj,Discover 125,2007,25000,Chennai,Tamil Nadu,Yes
Japan,Honda,CB Trigger,2014,30000,Cuddalore,Tamil Nadu,Yes
India,TVS,NTORQ 125,2019,55000,Thane,Maharashtra,Yes
Czech Republic,Jawa,Jawa 42 Dual Channel ABS Haley's Teal,2019,110000,Thane,Maharashtra,Yes
India,Bajaj,Pulsar NS 160,2017,55000,Kadapa,Andhra Pradesh,Yes
Japan,Honda,CB350RS,2022,186000,Bangalore,Karnataka,Yes
Japan,Yamaha,MT-15 Version 2.0 DLX 2025,2025,180000,Kolhapur,Maharashtra,Yes
India,Ola,S1X 4 kWh,2024,82500,Bangalore,Karnataka,Yes
Japan,Honda,Activa 6G Dlx,2022,58000,Bhubaneswar,Odisha,Yes
Japan,Yamaha,FZ-S FI V3,2019,75000,Kozhikode,Kerala,Yes
Japan,Yamaha,YZF R15 V3,2018,91000,Kanchipuram,Tamil Nadu,Yes
India,Bajaj,Chetak Electric,2025,115000,Kapurthala,Punjab,Yes
India,Hero,CBZ Xtreme,2012,25000,Bangalore,Karnataka,Yes
Japan,Honda,CB Unicorn,2013,25000,Mumbai,Maharashtra,Yes
India,Bajaj,Pulsar 150,2014,35000,Bangalore,Karnataka,Yes
Japan,Honda,Activa,2025,90000,Bangalore,Karnataka,Yes
India,BGAUSS,B8 Lithium Ion,2021,30000,Bangalore,Karnataka,Yes
Japan,Yamaha,FZ-S FI V3,2021,67500,Chennai,Tamil Nadu,Yes
India,Hero,HF Deluxe i3s,2024,55000,Chennai,Tamil Nadu,Yes
Japan,Yamaha,FZ,2022,75000,Chengalpattu,Tamil Nadu,Yes
UK / India,Royal Enfield,Bullet 500,2016,100000,Jammu,Jammu and Kashmir,Yes
Italy,Aprilia,Storm 125,2023,65000,Hyderabad,Telangana,Yes
UK / India,Royal Enfield,Super Meteor 650,2023,400000,Haveri,Karnataka,Yes
Japan,Honda,Activa,2011,25000,Hyderabad,Telangana,Yes
Japan,Honda,Aviator,2012,20000,Thane,Maharashtra,Yes
Japan,Honda,CB Shine Limited Edition,2019,55000,Hyderabad,Telangana,Yes
Japan,Honda,CB Unicorn,2013,42000,Nagpur,Maharashtra,Yes
Japan,Yamaha,FZ-S FI V2,2018,55000,Tumkur,Karnataka,Yes
Japan,Honda,Activa 6G,2022,70000,Noida,Uttar Pradesh,Yes
UK / India,Royal Enfield,Thunderbird X 350,2019,160000,Lucknow,Uttar Pradesh,Yes
India,TVS,Apache RTR 200 Fi 4V Race Edition 2.0,2020,100000,Mumbai,Maharashtra,Yes
India,Bajaj,Pulsar 220 DTSFi,2015,40000,Mumbai,Maharashtra,Yes
UK / India,Royal Enfield,Continental GT 650 Twin,2021,280000,Jagatsinghapur,Odisha,Yes
Czech Republic,Jawa,Jawa 42 Dual Channel ABS AllStar Black,2021,110000,Dhanbad,Jharkhand,Yes
Japan,Honda,Activa 6G Dlx,2021,60000,South East Delhi,Delhi,Yes
Germany,BMW,G 310 RR,2024,350000,Hyderabad,Telangana,Yes
Czech Republic,Yezdi,Roadster 2025,2025,220000,Jamnagar,Gujarat,Yes
India,Bajaj,CT 125X,2023,68000,Bardhaman,West Bengal,Yes
India,TVS,Sport BS6,2021,70000,Bangalore,Karnataka,Yes
Japan,Kawasaki,Ninja 650R,2019,400000,Bangalore,Karnataka,Yes
India,Hero,CBZ Xtreme,2007,55000,Jalgaon,Maharashtra,Yes
UK / India,Royal Enfield,Thunderbird 350,2017,90000,Bangalore,Karnataka,Yes
Japan,Yamaha,FZ 1,2018,42000,Ghaziabad,Uttar Pradesh,Yes
India,TVS,Apache RTR 160 4V,2019,67000,Sangli,Maharashtra,Yes
UK / India,Royal Enfield,Bullet 350 Twinspark,2016,100000,Gurugram,Haryana,Yes
India,Hero,Splendor iSmart 110 FI BS-VI,2021,40000,Patna,Bihar,Yes
Sweden,Husqvarna,Svartpilen 250 2020,2020,120000,Greater Noida,Uttar Pradesh,Yes
Japan,Yamaha,FZ-S FI V3,2023,115000,Bangalore,Karnataka,Yes
Japan,Honda,2023 Activa 125 H-Smart,2023,100000,Mumbai,Maharashtra,Yes
Japan,Honda,CB Trigger,2013,25000,Pune,Maharashtra,Yes
Austria,KTM,RC 390,2016,155000,Mumbai,Maharashtra,Yes
India,Hero,Ignitor,2015,25000,Ahmedabad,Gujarat,Yes
India,Bajaj,Avenger Street 160,2019,55000,Bangalore,Karnataka,Yes
India,TVS,Jupiter Drum Alloy 2024,2024,85000,Hyderabad,Telangana,Yes
India,TVS,Jupiter ZX,2024,80000,Navi Mumbai,Maharashtra,Yes
India,Ola,S1 Pro,2022,75000,Thane,Maharashtra,Yes
UK / India,Royal Enfield,Bullet 350,2020,150000,Mumbai,Maharashtra,Yes
UK / India,Royal Enfield,Interceptor 650 Twin,2019,200000,Mumbai,Maharashtra,Yes
India,Bajaj,Dominar 400,2021,175000,Medchal-Malkajgiri,Telangana,Yes
India,Bajaj,Pulsar 180,2013,35000,Hyderabad,Telangana,Yes
Japan,Yamaha,MT    15,2019,90000,Sindhudurg,Maharashtra,Yes
India,Bajaj,Avenger Cruise 220 BS6,2024,152000,Hyderabad,Telangana,Yes
Japan,Suzuki,Gixxer SF 250 BS6,2021,145000,Hyderabad,Telangana,Yes
UK / India,Royal Enfield,Thunderbird 350,2014,80000,Bangalore,Karnataka,Yes
Japan,Honda,Activa 6G Dlx,2024,87000,Guntur,Andhra Pradesh,Yes
Japan,Honda,CB Hornet 160R,2017,50000,Hyderabad,Telangana,Yes
India,TVS,Apache RTR 160,2011,35000,North 24 Parganas,West Bengal,Yes
India,Bajaj,Pulsar 125,2023,75000,Mahesana,Gujarat,Yes
India,Bajaj,Pulsar N160,2023,108000,Ahmedabad,Gujarat,Yes
Austria,KTM,Duke 200 2022,2022,185000,Pune,Maharashtra,Yes
India,Bajaj,CT110X,2022,50000,Madurai,Tamil Nadu,Yes
India,Hero,Splendor,2014,35000,Bangalore,Karnataka,Yes
Austria,KTM,RC 200,2024,220000,Ranipet,Tamil Nadu,Yes
Japan,Yamaha,FZ-S,2012,20000,South West Delhi,Delhi,Yes
India,Ola,S1 Pro,2022,50000,Mumbai,Maharashtra,Yes
India,TVS,Raider 125,2021,45000,Indore,Madhya Pradesh,Yes
India,Hero,Passion Pro,2011,25000,Ahmedabad,Gujarat,Yes
India,Hero,Glamour Xtec,2023,80000,Mumbai,Maharashtra,Yes
Austria,KTM,Duke 250,2018,180000,Kalaburagi,Karnataka,Yes
India,Bajaj,Pulsar 220F,2024,140000,Koppal,Karnataka,Yes
Japan,Yamaha,FZ 25,2019,110000,Pune,Maharashtra,Yes
India,Bajaj,Pulsar NS 160,2019,65000,Hyderabad,Telangana,Yes
India,Hero,Xtreme 160R,2020,60000,Pali,Rajasthan,Yes
India,Ola,S1 Pro,2022,79000,Pune,Maharashtra,Yes
India,TVS,Raider Split Seat,2022,80000,Ambala,Haryana,Yes
India,Bajaj,Dominar 400 ABS BS6,2017,95000,Chennai,Tamil Nadu,Yes
Czech Republic,Jawa,Jawa 42 Bobber Dual Channel ABS,2022,180000,Pune,Maharashtra,Yes
Japan,Suzuki,Avenis 125 Standard Edition,2022,69000,Mumbai,Maharashtra,Yes
Japan,Yamaha,Fazer FI V2,2015,35000,Pimpri-Chinchwad,Maharashtra,Yes
India,Ola,Roadster X 4.5,2025,100000,Pune,Maharashtra,Yes
UK / India,Royal Enfield,Hunter 350 Metro,2023,175000,Thane,Maharashtra,Yes
Japan,Yamaha,RayZR Street Rally 125 Fi Hybrid,2021,55000,Ahmedabad,Gujarat,Yes
India,Bajaj,Pulsar 150,2013,35000,Indore,Madhya Pradesh,Yes
UK / India,Royal Enfield,Thunderbird 500,2013,75000,Hyderabad,Telangana,Yes
Hungary,Keeway,Vieste 300,2023,275000,Bangalore,Karnataka,Yes
India,Bajaj,Pulsar 200 NS,2012,50000,Pune,Maharashtra,Yes
Japan,Yamaha,FZ-S FI V2,2018,55000,Chennai,Tamil Nadu,Yes
UK / India,Royal Enfield,Thunderbird 350,2017,80000,Bangalore,Karnataka,Yes
Japan,Yamaha,Fazer,2012,28000,Coimbatore,Tamil Nadu,Yes
India,Vida (Hero Electric),V1 Pro,2022,85000,Bangalore,Karnataka,Yes
Japan,Yamaha,R15M,2022,155000,Bangalore,Karnataka,Yes
Austria,KTM,390 Adventure,2022,280000,Bangalore,Karnataka,Yes
Italy,Aprilia,RS 125,2020,80000,Buldhana,Maharashtra,Yes
UK / India,Royal Enfield,Super Meteor 650,2023,360000,Cuttack,Odisha,Yes
UK / India,Royal Enfield,Classic 350,2018,115000,Meerut,Uttar Pradesh,Yes
Japan,Honda,2023 Activa 125 H-Smart,2023,60000,Thane,Maharashtra,Yes
India,Ola,S1 Pro,2022,95000,Chennai,Tamil Nadu,Yes
United Kingdom,Triumph,Speed 400,2023,230000,Thane,Maharashtra,Yes
India,TVS,NTORQ 125 Race XP,2022,70000,Bangalore,Karnataka,Yes
India,TVS,Wego,2012,15000,Mumbai,Maharashtra,Yes
Japan,Honda,Activa 6G Std,2022,60000,South East Delhi,Delhi,Yes
UK / India,Royal Enfield,Interceptor 650 Twin,2020,230000,Noida,Uttar Pradesh,Yes
UK / India,Royal Enfield,Himalayan BS VI,2020,150000,Pune,Maharashtra,Yes
Japan,Yamaha,MT-15 Ver 2.0,2024,160000,Jammu,Jammu and Kashmir,Yes
Japan,Suzuki,V-Strom SX,2023,200000,Paschim Bardhaman,West Bengal,Yes
India,TVS,Apache RTR 160 4V,2020,71000,Amravati,Maharashtra,Yes
UK / India,Royal Enfield,Classic 500,2018,130000,Gurugram,Haryana,Yes
India,Bajaj,Pulsar 150 DTSi,2018,50000,Panipat,Haryana,Yes
India,Hero,HF Deluxe,2020,50000,Nizamabad,Telangana,Yes
UK / India,Royal Enfield,Shotgun 650 Twin,2024,365000,Dehradun,Uttarakhand,Yes
India,Hero,CBZ Xtreme,2010,30000,Ganjam,Odisha,Yes
India,TVS,Apache RTR 160 4V,2020,75000,South East Delhi,Delhi,Yes
India,Ola,S1 Pro Gen2,2024,99999,Vadodara,Gujarat,Yes
UK / India,Royal Enfield,Interceptor 650 Twin,2024,400000,Bangalore,Karnataka,Yes
Austria,KTM,RC 200,2022,140000,Bangalore,Karnataka,Yes
Japan,Yamaha,FZ FI V2,2019,58000,Chennai,Tamil Nadu,Yes
Japan,Yamaha,FZ-X,2022,115000,Bangalore,Karnataka,Yes
India,Hero,Super Splendor XTEC,2022,62000,Mumbai,Maharashtra,Yes
Japan,Suzuki,Gixxer SF BS6,2021,120000,Hamirpur,Himachal Pradesh,Yes
India,Revolt Motors,RV 400,2023,130000,Hyderabad,Telangana,Yes
India,Bicycle,Ladybird Cycle,2023,4500,Suryapet,Telangana,No
India,Ola,S1X Plus,2023,55000,Pune,Maharashtra,Yes
India,TVS,Apache RR 310,2021,175000,Chennai,Tamil Nadu,Yes
Austria,KTM,390 Adventure,2023,275000,Mumbai,Maharashtra,Yes
Czech Republic,Yezdi,Roadster Chrome,2022,160000,Ujjain,Madhya Pradesh,Yes
Japan,Honda,Shine 125 Drum,2023,70000,Thane,Maharashtra,Yes
India,Bajaj,Pulsar 125 Neon Disc Single Seat,2023,75000,Noida,Uttar Pradesh,Yes
Austria,KTM,RC 200,2024,175000,Bangalore,Karnataka,Yes
India,TVS,Apache RR 310,2021,190000,Hyderabad,Telangana,Yes
Japan,Yamaha,YZF R15 V3,2018,100000,Pimpri-Chinchwad,Maharashtra,Yes
India,TVS,iQube,2024,90000,Chennai,Tamil Nadu,Yes
Japan,Honda,Activa 4G,2018,40000,Mumbai,Maharashtra,Yes
India,Bajaj,Pulsar 150 Twin Disc,2018,60000,Chennai,Tamil Nadu,Yes
India,Bajaj,Pulsar 125 Neon,2023,75000,Kotputli-Behror,Rajasthan,Yes
India,Bajaj,Pulsar 150,2015,35000,Jaipur,Rajasthan,Yes
Japan,Honda,Shine,2010,25000,Chennai,Tamil Nadu,Yes
India,Bajaj,Discover 150 F,2015,35000,Palghar,Maharashtra,Yes
Austria,KTM,Duke 250,2020,120000,Shimla,Himachal Pradesh,Yes
India,Hero,Xtreme Sports,2016,60000,Hyderabad,Telangana,Yes
Japan,Honda,Activa 4G,2017,34000,Thane,Maharashtra,Yes
India,Hero,Passion Pro i3s,2022,48000,Howrah,West Bengal,Yes
Japan,Yamaha,FZ FI V2,2020,100000,Agra,Uttar Pradesh,Yes
Japan,Yamaha,FZ-S FI V3 BS6,2022,95000,South East Delhi,Delhi,Yes
Italy,Ducati,Diavel 1260,2016,600000,Pune,Maharashtra,Yes
India,TVS,NTORQ 125 Race Edition,2024,95000,Bangalore,Karnataka,Yes
Japan,Honda,CB Unicorn,2017,50000,Hooghly,West Bengal,Yes
India,TVS,Apache RTR 200 4V,2020,85000,Gurugram,Haryana,Yes
India,Ola,S1 Pro Gen2,2023,70000,Bangalore,Karnataka,Yes
UK / India,Royal Enfield,Thunderbird 350,2015,65000,Thane,Maharashtra,Yes
UK / India,Royal Enfield,Bullet 350 Twinspark,2019,140000,Mathura,Uttar Pradesh,Yes
India,Ola,S1 Pro,2023,80000,Bangalore,Karnataka,Yes
Germany,BMW,G 310 R,2024,299999,Jaipur,Rajasthan,Yes
India,Bicycle,Decathlon Cycle,2019,3800,Pune,Maharashtra,No
India,Bajaj,Pulsar 200 NS ABS,2019,80000,Hyderabad,Telangana,Yes
India,Bajaj,Pulsar NS 160,2018,70000,Noida,Uttar Pradesh,Yes
UK / India,Royal Enfield,Meteor 350,2022,180000,Hyderabad,Telangana,Yes
India,Bajaj,Pulsar 220F BS6,2019,70000,Nagpur,Maharashtra,Yes
India,Hero,Pleasure,2012,30289,Rangareddy,Telangana,Yes
Japan,Yamaha,Aerox 155,2024,134000,West Siang,Arunachal Pradesh,Yes
India,Hero,Maestro Edge,2018,30000,Virudhunagar,Tamil Nadu,Yes
India,Hero,Xpulse 200 4V Pro,2025,170000,Mangalore,Karnataka,Yes
India,Bicycle,Firefox,2023,6500,South Delhi,Delhi,No
India,TVS,Apache RTR 160,2017,49300,East Delhi,Delhi,Yes
Japan,Suzuki,Avenis 125 Ride Connect Edition,2023,74000,Hyderabad,Telangana,Yes
Japan,Yamaha,FZ,2019,60000,Hyderabad,Telangana,Yes
India,Hero,Glamour Xtec,2022,50000,Hyderabad,Telangana,Yes
UK / India,Royal Enfield,Classic Desert Storm,2012,70000,Mumbai,Maharashtra,Yes
UK / India,Royal Enfield,Thunderbird X 500,2018,150000,Nashik,Maharashtra,Yes
UK / India,Royal Enfield,Continental GT 650,2025,420000,Pune,Maharashtra,Yes
UK / India,Royal Enfield,Hunter 350 Metro,2024,171000,Thane,Maharashtra,Yes
UK / India,Royal Enfield,Bullet Standard 350,2017,160000,Jaipur,Rajasthan,Yes
Japan,Honda,SP 160 Double Disc,2024,115000,Chennai,Tamil Nadu,Yes
Japan,Honda,Activa,2012,25000,Mumbai,Maharashtra,Yes
India,Bajaj,Discover 150 F,2015,35000,Bankura,West Bengal,Yes
India,Bajaj,Pulsar NS400Z,2025,200000,Ludhiana,Punjab,Yes
India,Bajaj,Avenger Street 220,2016,50000,Kalaburagi,Karnataka,Yes
Japan,Yamaha,FZ 25,2021,135000,Pune,Maharashtra,Yes
UK / India,Royal Enfield,Meteor 350,2021,170000,Bangalore,Karnataka,Yes
India,Bajaj,Avenger Street 220,2017,50000,Rangareddy,Telangana,Yes
Japan,Yamaha,Gladiator,2009,20000,Chennai,Tamil Nadu,Yes
UK / India,Royal Enfield,Classic 350,2015,130000,Mohali,Punjab,Yes
India,Bajaj,Avenger Street 160,2024,100000,Hyderabad,Telangana,Yes
India,TVS,Apache RTR 160,2024,100000,Howrah,West Bengal,Yes
UK / India,Royal Enfield,Bullet 350 ES BS6,2021,160000,South West Delhi,Delhi,Yes
India,Hero,CBZ Xtreme,2011,12000,Chennai,Tamil Nadu,Yes
Japan,Yamaha,R15 V4,2023,180000,Bangalore,Karnataka,Yes
Japan,Honda,Activa 125,2016,25000,Raipur,Chhattisgarh,Yes
India,Hero,Passion Pro,2009,8000,Dharwad,Karnataka,Yes
UK / India,Royal Enfield,Classic 350,2017,120000,Thane,Maharashtra,Yes
India,Ola,S1 Pro,2023,90000,Mumbai,Maharashtra,Yes
Czech Republic,Yezdi,Adventure Matte 2024,2024,170000,Tinsukia,Assam,Yes
Italy,Aprilia,SR 150,2024,125000,Bangalore,Karnataka,Yes
India,TVS,Apache RTR 160 4V,2019,55000,East Godavari,Andhra Pradesh,Yes
India,Bajaj,Pulsar NS 160,2022,80000,Pune,Maharashtra,Yes
India,Hero,Glamour PGM Fi,2013,40000,Hooghly,West Bengal,Yes
UK / India,Royal Enfield,Hunter 350 Metro,2023,165000,Tiruvallur,Tamil Nadu,Yes
Japan,Honda,Activa 125,2021,62000,South East Delhi,Delhi,Yes
Japan,Yamaha,R15M,2023,140000,Chengalpattu,Tamil Nadu,Yes
India,Bajaj,Pulsar N150,2023,120000,Belagavi,Karnataka,Yes
Czech Republic,Jawa,Jawa 42 Bobber Black Mirror,2024,199999,Hyderabad,Telangana,Yes
Germany,BMW,G 310 RR Limited Edition,2025,350000,Bangalore,Karnataka,Yes
India,Hero,Xtreme Sports,2017,45000,Hyderabad,Telangana,Yes
UK / India,Royal Enfield,Himalayan BS VI,2017,100000,Lucknow,Uttar Pradesh,Yes
Japan,Honda,Activa 5G,2018,40000,Pune,Maharashtra,Yes
UK / India,Royal Enfield,Thunderbird X 350,2019,135000,Pune,Maharashtra,Yes
UK / India,Royal Enfield,Himalayan BS VI,2023,205000,Chennai,Tamil Nadu,Yes
India,Bajaj,Pulsar NS200,2022,120000,Mangalore,Karnataka,Yes
India,Bajaj,Pulsar N160,2023,90000,Mumbai,Maharashtra,Yes
Japan,Honda,Activa 6G Dlx,2022,65000,Mumbai,Maharashtra,Yes
UK / India,Royal Enfield,Hunter 350,2024,175000,Mumbai,Maharashtra,Yes
Japan,Honda,Activa 125,2016,29000,East Delhi,Delhi,Yes
UK / India,Royal Enfield,Thunderbird 350,2012,70000,Kolhapur,Maharashtra,Yes
UK / India,Royal Enfield,Classic Stealth Black,2023,199999,Medchal-Malkajgiri,Telangana,Yes
Czech Republic,Yezdi,Adventure Twin Headlight,2024,170000,Morigaon,Assam,Yes
Japan,Honda,Activa 4G,2018,40000,Thane,Maharashtra,Yes
Japan,Yamaha,R15 V4,2023,160000,Cuddalore,Tamil Nadu,Yes
India,Hero,Xpulse 200 4V,2022,80000,Idukki,Kerala,Yes
India,TVS,Apache RTR 160 4V BS6,2020,80000,Ahmedabad,Gujarat,Yes
India,TVS,Scooty Pep Plus,2011,10000,Jabalpur,Madhya Pradesh,Yes
UK / India,Royal Enfield,Classic Signals Stormrider Sand,2023,240000,Bangalore,Karnataka,Yes
India,Ather,450X Gen 3,2023,120000,Pimpri-Chinchwad,Maharashtra,Yes
Japan,Honda,CB Unicorn,2012,20000,Surat,Gujarat,Yes
India,Bajaj,Pulsar N150,2024,120000,Jalgaon,Maharashtra,Yes
India,TVS,Jupiter,2019,40000,Agra,Uttar Pradesh,Yes
Japan,Honda,CBR 150R,2015,75000,Pune,Maharashtra,Yes
India,Hero,Super Splendor BS6,2021,53000,Barabanki,Uttar Pradesh,Yes
India,Bajaj,Pulsar NS 160,2017,50000,Aurangabad,Maharashtra,Yes
Austria,KTM,RC 200 GP,2022,175000,Thrissur,Kerala,Yes
India,Bajaj,Avenger Street 220 BS6,2023,140000,Mangalore,Karnataka,Yes
India,Bajaj,Pulsar 150 DTSi,2019,35000,Chennai,Tamil Nadu,Yes
Japan,Yamaha,MT-15 Ver 2.0,2024,170000,Bangalore,Karnataka,Yes
UK / India,Royal Enfield,Meteor 350,2022,200000,Hyderabad,Telangana,Yes
India,Ola,S1 Pro Gen 3 4kWh,2025,130000,Guna,Madhya Pradesh,Yes
India,TVS,Apache RTR 180,2016,45000,Ghaziabad,Uttar Pradesh,Yes
UK / India,Royal Enfield,Himalayan,2020,150000,Thane,Maharashtra,Yes
UK / India,Royal Enfield,Bullet 350,1980,225000,Pune,Maharashtra,Yes
UK / India,Royal Enfield,Continental GT 650,2023,320000,Hyderabad,Telangana,Yes
UK / India,Royal Enfield,Classic 350,2016,125000,Bangalore,Karnataka,Yes
India,Revolt Motors,RV 400,2022,50000,New Delhi,Delhi,Yes
UK / India,Royal Enfield,Classic 350,2014,135000,Kolkata,West Bengal,Yes
UK / India,Royal Enfield,Classic 350,2015,150000,Bangalore,Karnataka,Yes
UK / India,Royal Enfield,Continental GT 650,2025,400000,Jaipur,Rajasthan,Yes
India,Hero,Maestro Edge,2016,30000,Mumbai,Maharashtra,Yes
India,Ola,S1 Pro,2024,65000,South East Delhi,Delhi,Yes
India,Bajaj,Avenger Street 180,2018,51000,West Medinipur,West Bengal,Yes
India,Ola,S1X Plus,2024,75000,Kadapa,Andhra Pradesh,Yes
Germany,BMW,G 310 RR,2025,300000,South Delhi,Delhi,Yes
Austria,KTM,Duke 200,2016,70000,Karnal,Haryana,Yes
Japan,Honda,SP 125 BSVI,2024,90000,Thiruvananthapuram,Kerala,Yes
UK / India,Royal Enfield,Meteor 350 Stellar,2024,200000,Ambala,Haryana,Yes
Japan,Yamaha,FZ-S FI V3 BS6,2022,85000,Muzaffarpur,Bihar,Yes
India,TVS,Ronin DS,2022,105000,Purulia,West Bengal,Yes
Japan,Honda,Activa,2014,40000,Tirupur,Tamil Nadu,Yes
Japan,Yamaha,R15 V4,2025,180000,Sangareddy,Telangana,Yes
India,Bajaj,Avenger Street 150,2016,45000,Navi Mumbai,Maharashtra,Yes
India,Hero,Pleasure,2010,19000,Bangalore,Karnataka,Yes
UK / India,Royal Enfield,Thunderbird 350,2019,85000,New Delhi,Delhi,Yes
Hungary,Keeway,SR 250,2024,170000,Yadadri Bhuvanagiri,Telangana,Yes
Japan,Yamaha,YZF R15 V2,2017,80000,Puducherry,Puducherry,Yes
Japan,Honda,SP 160 Double Disc,2024,115000,Pimpri-Chinchwad,Maharashtra,Yes
India,Hero,Splendor iSmart,2015,38999,Prayagraj,Uttar Pradesh,Yes
UK / India,Royal Enfield,Bullet Thunderbird X 350,2019,85000,New Delhi,Delhi,Yes
Czech Republic,Jawa,Jawa 42 Dual Tone,2024,175000,Hyderabad,Telangana,Yes
Japan,Honda,CB350RS,2025,210000,Indore,Madhya Pradesh,Yes
Japan,Honda,Activa 3G,2016,27000,Mumbai,Maharashtra,Yes
India,TVS,Ronin 2025,2025,140000,Mumbai,Maharashtra,Yes
India,TVS,Apache RTR 160,2018,60000,Bangalore,Karnataka,Yes
India,TVS,Star City Plus,2022,60000,Mysore,Karnataka,Yes
UK / India,Royal Enfield,Thunderbird 350,2016,95000,Hyderabad,Telangana,Yes
Japan,Honda,CB Unicorn,2019,70000,Mumbai,Maharashtra,Yes
Austria,KTM,RC 200,2018,120000,South East Delhi,Delhi,Yes
Japan,Yamaha,FZ-X,2021,65000,Faridabad,Haryana,Yes
Japan,Honda,Activa 3G,2015,20000,Mumbai,Maharashtra,Yes
UK / India,Royal Enfield,Bullet Standard 350,1980,130000,Navi Mumbai,Maharashtra,Yes
India,Bajaj,Pulsar 150 Twin Disc BS6,2023,80000,Solapur,Maharashtra,Yes
India,Bajaj,Pulsar N160 Dual Channel ABS,2025,130000,Kanpur,Uttar Pradesh,Yes
India,Bajaj,Avenger Street 220,2019,70000,Gurugram,Haryana,Yes
Japan,Yamaha,YZF R15 V3 BS6,2021,120000,Chennai,Tamil Nadu,Yes
India,TVS,Apache RTR 160 4V,2019,75000,Mumbai,Maharashtra,Yes
India,Hero,HF Deluxe BS6,2023,55000,Hooghly,West Bengal,Yes
India,Ather,450 Plus,2022,90000,Hyderabad,Telangana,Yes
Japan,Suzuki,Gixxer SF,2017,40000,Thrissur,Kerala,Yes
Austria,KTM,Duke 250,2021,220000,Bangalore,Karnataka,Yes
UK / India,Royal Enfield,Hunter 350 Metro,2024,190000,Davangere,Karnataka,Yes
Czech Republic,Jawa,Jawa,2020,140000,Mumbai,Maharashtra,Yes
Czech Republic,Jawa,Jawa,2019,90000,Chengalpattu,Tamil Nadu,Yes
Japan,Suzuki,Access 125,2015,28000,Pune,Maharashtra,Yes
Czech Republic,Yezdi,Roadster Dark,2022,120000,Kolkata,West Bengal,Yes
UK / India,Royal Enfield,Bullet 350 ES BS6,2020,130000,Palakkad,Kerala,Yes
Japan,Yamaha,Fascino,2018,35000,Raigad,Maharashtra,Yes
India,Bajaj,Pulsar 150 DTSi,2014,38000,Bangalore,Karnataka,Yes
Japan,Yamaha,R15 V4,2023,150000,Ratlam,Madhya Pradesh,Yes
Japan,Yamaha,FZ-S FI V3,2019,62000,Hyderabad,Telangana,Yes
Austria,KTM,Duke 200,2023,150000,Sindhudurg,Maharashtra,Yes
India,Okinawa,Praise Pro,2022,68000,Thane,Maharashtra,Yes
UK / India,Royal Enfield,Bullet Trials Works Replica 350,2019,160000,Palghar,Maharashtra,Yes
Japan,Honda,Unicorn,2012,37000,Tiruchirappalli,Tamil Nadu,Yes
India,Hero,CD Deluxe,2011,30000,Bangalore,Karnataka,Yes
India,TVS,Apache RR 310,2023,220000,Chennai,Tamil Nadu,Yes
India,TVS,Apache RR 310,2022,250000,Bangalore,Karnataka,Yes
India,TVS,Apache RR 310,2022,285000,Haridwar,Uttarakhand,Yes
India,Hero,Splendor,2017,47000,Pune,Maharashtra,Yes
UK / India,Royal Enfield,Meteor 350 Stellar,2022,200000,Navi Mumbai,Maharashtra,Yes
India,Hero,Hunk,2016,45000,Indore,Madhya Pradesh,Yes
India,Hero,XPulse 210,2025,180000,Medchal-Malkajgiri,Telangana,Yes
Japan,Honda,CB Hornet 160R,2017,40000,Navi Mumbai,Maharashtra,Yes
India,Ola,S1 Pro,2023,55000,Pune,Maharashtra,Yes
Japan,Yamaha,R15M,2022,150000,Jhunjhunu,Rajasthan,Yes
Japan,Yamaha,FZ-S FI V2,2018,90000,Bangalore,Karnataka,Yes
Japan,Honda,Activa e,2025,95000,Bangalore,Karnataka,Yes
Japan,Honda,Activa,2014,25000,Kheda,Gujarat,Yes
India,TVS,Jupiter 125,2023,85000,Gandhinagar,Gujarat,Yes
India,TVS,Apache RR 310,2021,170000,Aurangabad,Maharashtra,Yes
UK / India,Royal Enfield,Bullet 350,2024,185000,Mysore,Karnataka,Yes
Japan,Honda,Activa 3G,2015,42000,Bangalore,Karnataka,Yes
India,Bajaj,Dominar 250,2022,130000,West Delhi,Delhi,Yes
Japan,Honda,Shine 125 Drum,2025,80000,Vadodara,Gujarat,Yes
India,Hero,Passion Pro i3s,2020,52000,Ahmedabad,Gujarat,Yes
Japan,Yamaha,FZ,2018,80000,Faridabad,Haryana,Yes
Germany,BMW,G 310 R,2019,200000,Bangalore,Karnataka,Yes
India,Hero,Super Splendor BS6,2020,45000,Gorakhpur,Uttar Pradesh,Yes
India,TVS,Jupiter ZX,2015,20000,Bangalore,Karnataka,Yes
India,Mahindra Electric,Centuro,2014,25000,Valsad,Gujarat,Yes
India,Bajaj,Avenger Cruise 220 BS6,2025,165000,Pune,Maharashtra,Yes
Austria,KTM,Duke 125,2019,80000,Gurugram,Haryana,Yes
Italy,Aprilia,SR 160,2024,125000,Chittoor,Andhra Pradesh,Yes
India,TVS,iQube,2025,90000,Kannauj,Uttar Pradesh,Yes
India,TVS,Ronin TD Special Edition,2023,120000,Ghaziabad,Uttar Pradesh,Yes
Japan,Yamaha,SZ-RR V2,2018,50000,Navi Mumbai,Maharashtra,Yes
India,Hero,Passion Plus,2005,20000,Mysore,Karnataka,Yes
Japan,Yamaha,FZ-S,2010,30000,Bangalore,Karnataka,Yes
UK / India,Royal Enfield,Hunter 350,2025,205000,Nagpur,Maharashtra,Yes
India,Hero,Maestro,2015,25000,Purulia,West Bengal,Yes
India,Hero,Splendor Plus,2007,49999,Tiruchirappalli,Tamil Nadu,Yes
India,Hero,Xtreme 160R,2022,85000,Bangalore,Karnataka,Yes
India,Hero,XPulse 200T,2019,85000,Yavatmal,Maharashtra,Yes
Japan,Suzuki,Access 125,2013,18000,Mumbai,Maharashtra,Yes
UK / India,Royal Enfield,Classic Stealth Black,2017,145000,Pimpri-Chinchwad,Maharashtra,Yes
Japan,Honda,Activa 6G Dlx,2021,60000,Mumbai,Maharashtra,Yes
India,TVS,Jupiter 125,2022,70000,Nagpur,Maharashtra,Yes
Austria,KTM,Duke 125,2020,65000,Gurugram,Haryana,Yes
Japan,Yamaha,SZ-R,2012,25000,Chennai,Tamil Nadu,Yes
Japan,Yamaha,SZ-RR,2019,55000,Nadia,West Bengal,Yes
Japan,Honda,Shine 125 Disc,2022,70000,Thane,Maharashtra,Yes
